Series Number,Filename,Name,Description,Gender,Attributes,UUID,Hash
1,adewale-the-amebo,adewale the amebo,adewale the amebo,male,,cad316c3-37f8-4b27-9f53-9d803bfcfee7,adewale-the-amebo.25d499f916dc0a2a118886a4ff60ca8d93ba0bce377aed50b46886c9e70c1bf6.csv
2,alli-the-queeny,alli the queeny,Alli is an LGBT Stan.,male,,a57ecda4-a26f-4e97-a757-e1800af39aab,alli-the-queeny.4bdf6c879efbdd6866e9a2ac1dbaa85474743c6bda2ca4b70f55caf45922c626.csv
3,aminat-the-snnobish,aminat the snnobish,Aminat never really wants to talk to anyone.,female,,0e37ed0d-3e84-4f32-a91f-ec9c4ba8c7de,aminat-the-snnobish.ab47f89b3f3094f2cb082699cb33091389f33f21bb80eff454e6d521688e72fa.csv
4,aminu-the-carpenter,aminu the carpenter,"Aminu's hands are blessed, he makes the best furniture in the whole of Kano.",male,,4f30b751-96e7-40fe-97fd-e3d44973ff2f,aminu-the-carpenter.7476221f7a66952541e46ddf930dcb218d41bf2c29403b2826fde4a90a62000c.csv
5,chibuike-the-kudibag,chibuike the kudibag,Chibuike is too rich. Everyone wonders how he got it.,male,,5ce854f2-7ac1-46fd-b3fe-57583935d1e5,chibuike-the-kudibag.b83422c33e307fad47c252a1b422a3e2804cd4030778cd6bb6273c113d4e7526.csv
6,chidinma-the-model,chidinma the model,"From Paris' runways, to London's streets, she's always in demand.",female,,c98db72e-49ac-4ca6-89d5-e00f5fbbcc45,chidinma-the-model.2ad5662b719383ebb44dcf5a55f654188b449c62744993d737d97906740cedc0.csv
7,chioma-pretty- girl,chioma pretty girl,Chioma's face card is a 100.,female,,182ea888-a85b-42ca-ad73-ed4f8f9aa5c7,chioma-pretty- girl.d22ab796cb85f0722de8370df9e8888b4ecb6071454a46553b77d93c8fb7d299.csv
8,damilare-the-handsome,damilare the handsome,He's a fine boy. Everyone loves his face(and him).,male,,27eca2dc-d7df-474a-8f8f-1858152c711e,damilare-the-handsome.6d7d28b8e456136d63604a26323166260dc67840c2b1ed6c8dfc3793908af3c3.csv
9,ebiowie-the-planter,ebiowie the planter,Ebiowei has a reputation for nurturing plants.,male,,f1df8270-4d60-4bd4-8959-ba7c384db5c4,ebiowie-the-planter.7be5aaea228f1730186087819680c1137d5f9c278e6cd07e37f7b09a92b5cc4d.csv
10,emeka-the-businessman,emeka the businessman,Emeka only cares about containers. No time to waste.,male,,9b3d75da-4887-4089-aee4-50de3954fdc9,emeka-the-businessman.86ef716ed02696a788234f6a68c8623d84571ae29bbe9e35092ecc19a8eb7052.csv
11,gbeminyi-the-monk,gbeminyi the monk,He lives in a monastery off the coast. No one has heard him speak in years.,male,,c8b1fd1d-8551-4bb4-8dc4-923a9aeb39fb,gbeminyi-the-monk.262494c32d6037762385057eaa706294d520f0a0f67ada0ee97cf592e74de0cd.csv
12,henry-the-sportsman,henry the sportsman,He's played every sport known to man. Even cricket.,male,,e1225451-bfdf-4a1f-8d37-9cce3a0bd67b,henry-the-sportsman.9136a2e0a5e22a57807d2a00d234aaadfa1445a236bfb8b927641001fbb45ffc.csv
13,mayowa-the-smallie,mayowa the smallie,Mayowa is so small but everyone loves him even still.,male,,dfbb4163-df24-4d54-b74c-6218a68df8bd,mayowa-the-smallie.29f00c6e63cec3cf76b071f90407af54578e4f5f1dbe4c9967e1b2a74260a02f.csv
14,muyiwa-the-stylish,muyiwa the stylish,Muyiwa has a motto which is never to be caught unfresh.,male,,dcf9d5a0-57b7-4126-a05e-6c8f1045d3f7,muyiwa-the-stylish.4c416f310b96c391d941573c6cd9e438840e3cffca04069a4a7ddcbeba73f64d.csv
15,nina-paper-chaser,nina paper chaser,Nina na Igbo girl wey like money. Finish.,female,,59524227-dc52-407c-8cca-e9e8c5fb3018,nina-paper-chaser.6ce8b97bf276545af107aaef3c6c46f9e71aa72f5fe40d9bc25a35ad73593e7a.csv
16,oluwaseun-spicy,oluwaseun spicy,He loves spicy foods. He cooks pepper and sprinkles rice on top.,male,,808f7007-6552-4efa-bd13-4b7c337b102b,oluwaseun-spicy.71e0ec8e2b87de0dfeae95ef6946da42e0063df3e9f867ee120ce39bf3f248a9.csv
17,sesan-the-smartie,sesan the smartie,Sesan always comes first in competitions.,male,,ba3edda7-8940-4ca4-97ba-826398d5909f,sesan-the-smartie.e1c5b9cadec3c730eae890c07e54bb1f887cfbf33cdef06249675403fd6de435.csv
18,tiwa-london,tiwa london,"If she says she's in London and you see her, you're in London too.",female,,78da7aeb-8352-4e25-89ac-dc48b5984089,tiwa-london.a0e914f6bf494097c0e4e47b33aa09630b2f299cc148c44527b4a454ee871995.csv
19,tunde-yoruba-demon,tunde yoruba demon,"Tunde derives joy in breaking girls heart. It's a lifestyle.""",male,,53b46bd7-a537-402b-b249-0b4074a8faae,tunde-yoruba-demon.1d1552b13413005cb4121f8c4766531f87c60907237a8aef3dbbe2313ef1ef9c.csv
20,yakubu-the-zombie,yakubu the zombie,Yakubu earned his zombie title because na only dust full him head.,male,,4adb6781-1614-424e-8f77-fe59ffca2209,yakubu-the-zombie.fda35db84692a3a754db6c66b01f17e7d2df5f1268d4ed27b6cd6f6012eaec19.csv
21,abdul-the-vibe,abdul the vibe,abdul the life of the party and can never be caught unfresh,male,,770f817a-9d9a-4772-9a91-e66dd9d03470,abdul-the-vibe.7a9b96dc2c24d3b23cf2714994ec518529cb57b29e99346858a8187e8da758a0.csv
22,emeka-the -clown,emeka the clown,"emeka the funny man, always making silly jokes",male,,78810fa6-a7ef-4d83-bf57-caf49db4ee69,emeka-the -clown.11df4a56e890b9407256fb91548d37ba9a52ef26691b5afb04b08f63167e8a04.csv
23,salam-the-odogwu,salam the odogwu,salam is a big time textile marketer always sourcing for quality materials,male,,f2957ded-022c-4b07-92c6-b345d4816a67,salam-the-odogwu.cc452c0de49820ad9a3ee7c966e29a4aa5f5dd373904a67d5472bc66e7065418.csv
24,24,charles the exporter,charles a business man an importer and exporter never to be caught idle,male,,09395e76-19ed-4852-8748-795ee7496a8e,24.e817cd26ca664e9d9f3833dcf9e1ed5e70c1fd1342f1a426f834c8f967d7b510.csv
25,wole-the-pimp,wole the pimp,wole knows all the babes in town and is always pimping them out,male,,4d94d4f7-9b69-4e43-9db1-1fe83df92857,wole-the-pimp.0f920e21830c1a5c3231f52efe8150f9251660334b0c27f5d625ca8daa2fa0fe.csv
26,saro-the-baller,saro the baller,saro is a baller and is always ready to turnup,male,,d35a7514-8996-42fb-a5f2-5a603ec679c5,saro-the-baller.0382f0e6ad73c227702548042cb11e1e9e9401a0c22e542b999c11af81b1c7fe.csv
27,ade-omo-yoruba,ade omo yoruba,ade a yourba man takes pride in the yourba tribe,male,,92984fa0-310b-4377-8a10-15965d044383,ade-omo-yoruba.7fb443eb1a5f436cc58fc8f1b02a6481ae43fca5bda2c41e16b0b76fcd1fcff4.csv
28,shola-cool-kid, shola cool kid,shola prefers to be alone because he hates stress,male,,3ac5c186-bc14-4eb6-8567-cc818465a64f,shola-cool-kid.2a945d250ab5628dd9d85639c5c5e4a20bf6e942046e2e153b3787a53a84a538.csv
29,charlie-the-smoker,charlie the smoker,charlie uses smoking as a coping mechanism,male,,71a0aa22-d111-43b7-8484-43d87310bc42,charlie-the-smoker.496cfe4a6366887a495fe99b32e7dbd1b94a928330bbe9308ec554cc752af3d1.csv
30,femi-the-badguy,femi the badguy,femi is the biggest guy in lagos and he has served plenty babes breakfast,male,,e493e3fb-a8a0-455a-854f-0f6474bbc69f,femi-the-badguy.7dc9eb11bbc4cef37edfc2d497813b7348ed8c27a3e222eb19bbb4c29899aa65.csv
31,sinzu-money,sinzu money,sinzu loves spending money on flashy things,male,,942f8347-9932-4331-bd15-d0f3a048b54f,sinzu-money.0e036e1a7d880796d812b69337b76cd02b08ed563b075f53ea43e029e169813b.csv
32,obinna-the-palmwine tapper,obinna the palmwine tapper,obinna taps palmwine for a living,male,,0f1af056-2548-4407-bed4-abc11deae05d,obinna-the-palmwine tapper.7cc42f7e06521adfd95ccf3ccccfdf6e32e623b723a0c6af1b9711dbb5ed4f8d.csv
33,aminu-maikudi,aminu maikudi,aminu is a wealthy man from a family with generational wealth. His exquisite taste shows it,male,,0129e7a5-e3d0-4675-92d0-1a1e55d11612,aminu-maikudi.c74fa2b7f2d01866ce10210b80d78aeebc073e130f0fe2c6c46a18314e1d6d46.csv
34,sabinus-the-town crier,sabinus the town crier,sabinus delivers messages to his town people,male,,01d4ce96-818e-44b1-8813-68a7d34b35ba,sabinus-the-town crier.e2d354059c108b98317ba5ac949826bd21fe90fa7165d1bfab2ceed20d5f8722.csv
35,adisa-ibadan,adisa ibadan,"adisa the greatest man in the whole town of ibadan, is authority can never be questioned",male,,3a925f27-35f6-4dbf-9960-c6527fae5f3e,adisa-ibadan.dc7f82b9b80a0bd2ea0c2a8763f4d645f6878539250992504cfff4e34e970f13.csv
36,linda-the-navigator,linda the navigator,linda knows how to make a way for herself and people around her,female,,71f335a6-5a4f-4410-9cea-179336f0e498,linda-the-navigator.fad2178a03df086fa79a88806954f216eda704f8da3841add564658542bc1522.csv
37,kemi-the-iron lady,kemi the iron lady,kemi the strongest woman known to the town of  igbede people,female,,35b11a31-5b92-49f4-8fb1-30f255d22054,kemi-the-iron lady.27bf7118ea695676151fe54d82747917e06f1d7a2ae3caa22295746b2f2512bc.csv
38,mercy-the-sassy lady,mercy the sassy lady,mercy only care about spending her father's money and treats people like trash,female,,7a3c70ac-927f-4a63-a3df-ab86dd27cd0f,mercy-the-sassy lady.ccf5892c962f0bf1819232b7a2d5c5d0c352273975da113d625b83bfada49608.csv
39,sandra-money,sandra money,sandra likes getting and spending money,female,,1bd95fb0-7b2e-4354-bebd-22f9cf70a1ca,sandra-money.a4aefdc64ea730e040f570abb7cc8ff27cebb99c3118a9c57c9dd91de43a7cca.csv
40,bimpe-the-fashionista,bimpe the fashionista,bimpe loves wearing trendy clothes and looking gorgeous,female,,92b548b7-998b-46b6-8198-80d407209483,bimpe-the-fashionista.25879f941f930868ae303e1fb720a3dbc4269b41941c29d1e061d177df9fca9c.csv
41,kim-rich-aunty,kim rich aunty,she loves spoiling her nieces and nephew,Female,,3344a73c-f15e-4afd-a1b2-3199e27eb08f,kim-rich-aunty.b165f76d4bff050c711c5627cf70dd5c43fee86fd77b775bcd7a16e4611e8a1d.csv
42,barbra-vampire-bc,barbra vampire bc,she loves drinking the blood of her victims,Female,,4f31fd99-4918-42a9-a112-fa60ef36d5c6,barbra-vampire-bc.5230b506a47cca65829b8d9f95d5c102499878506c4d7b93e73ced3322f0fa58.csv
43,jean-art-dolger,jean art dolger,loves collecting art for charity ,Female,,5e1105d9-e485-462d-a5bf-1eb931976b13,jean-art-dolger.82cc8acb3e51e6bc036d3aa2670624fa8ec649ed9abe4112c0eb07cf85a01e2f.csv
44,flora-burger- eater,flora burger eater,she loves eating burgers,Female,,054dffd1-cdff-417b-b6c2-a679dabd087b,flora-burger- eater.666d723cc64606fed9e0c5ca1219d64fe65e4c4fd7ffecfdf82748e1ea33aa47.csv
45,jessie-lord-rings,jessie lord rings,she seeks her 'precious',Female,,caacabe1-0abc-43af-92e2-2231248bff93,jessie-lord-rings.03a0dfc6c4f7114e077a401b6cab037aa83a63d0aa6c00d74a030312038212e2.csv
46,pinky-monky-ponk,pinky monky ponk,she love to dance the honky tonk,Female,,bd6a4b38-543e-40fa-9153-f7e1a947ebb1,pinky-monky-ponk.fb6ffcf028725f5a57e253808cd5d5eb389377b61eec468084879e983a6b5ed9.csv
47,wanjiru-hippie-glitter,wanjiru hippie glitter,a hippie that loves her glitters,Female,,683f0d27-3cb4-4948-b1b5-09f10bee575a,wanjiru-hippie-glitter.3c2a12d495bc609ff5d0d17d4bf815f5df4407e88c774645df290f7c02de4b41.csv
48,njoki-binary-coder,njoki binary coder,she codes with the best and tops the set,Female,,9b59bdb4-0c6c-4107-9d72-6d38d308edb4,njoki-binary-coder.2131bdaa7f825e02833a97da214fd7b3e4200e0815d31e6abe7e2e00b7f92f62.csv
49,wangu-calaba-hustler,wangu calaba hustler,she's a mean hustler so be careful,Female,,67f7da93-3925-4def-b660-58f558c14a19,wangu-calaba-hustler.fde66c7b3250b319cdc1accd603fa9b836bf163a3fc6d7c5b78b084f0b6c82f2.csv
50,lulu-dey-kpako,lulu dey kpako,she's as skinny as she is beautiful,Female,,23b6c38f-ab84-4565-bfe9-d9eb019c9f29,lulu-dey-kpako.35637d37349a2aa131c649ce0873103ffca76dd9cdcbc45ceb62c605e47feb9b.csv
51,kiki-cala-flier,kiki cala flier,she flies first class and gets the best deals,Female,,d24aefff-c9fc-4ea9-a7cf-1b741076c822,kiki-cala-flier.09f4eac99163e46657de1c41146aedb8a252e1f56491b012309644ace57e8225.csv
52,purity-nft -investor,purity nft investor,she is an angel investor looking for the next big thing,Female,,ee86ef77-4793-411a-88d3-ea54d84f6b24,purity-nft -investor.8fc9d8d4468cd5038009781f39979aedf59f2d76162c0f9e2b391f146e2a5ca1.csv
53,june-binary-monk,june binary monk,she has a twin thats from Tibet ,Female,,102c4cdb-f812-44fd-bf47-5065284c6075,june-binary-monk.8daf957729f8e2508dbd3a91a4f44d534a66a798b0b8016571f471ac5c2cbe65.csv
54,aisha-crows-damsel,aisha crows damsel,she is always a damsel in distress,Female,,c4071af3-b49e-4ad6-898b-7828f90465fb,aisha-crows-damsel.7ed7b7431d388b3ba4bcfdbe164097eedc4dccba25621c71e6a9758cd7889e4c.csv
55,bobo-crypto-lovely,bobo crypto lovely,she is a crpto guru you can trust all through,Female,,427ea0f5-30a3-4d70-a5bd-a6106409b83c,bobo-crypto-lovely.34130aa4e754667a2d0fef3616fd83c9128f2df19f331e8b965fbbd243b359be.csv
56,nell-light -embrace,nell light embrace,she is an empath; ready with a kind word or hug,Female,,9dfe30b4-c71a-471c-8091-f5c4a238eed8,nell-light -embrace.d9400f7872dc57cc933df09a25af7487649ed35947b756e3d58c3af29802c759.csv
57,rachel-mood-silent,rachel mood silent,"introvert  to the core, a mysterious lady",Female,,11450acd-f0d7-406f-bc18-bdb680404845,rachel-mood-silent.fd5b801b75a17d93ec010321b97550bfd9871bcfc397f5ff3663124f67a7839f.csv
58,nana-reflector-agent,nana reflector agent,she loves her chrome fashion stye,Female,,63bda633-bfca-4b28-823f-7772936b4103,nana-reflector-agent.0819c16cdb192c60a98f12e799f280f206b33fa7f9b81575086e132311a05182.csv
59,bree-busy-gossip,bree busy gossip,"never wisper your secrets to her, except you want the world to know",Female,,4f5898d9-fc99-4053-a56c-b2ec1ef41347,bree-busy-gossip.34410f9820d0f41833aea8734b3b85a78b1fe82d7f2476bb53693feec42f06ef.csv
60,jude-shadow-fighter,jude shadow fighter,"a ninja warrior, the last samurai standing",Female,,a47b2ed7-d4aa-4404-ac40-0ecea464cf3f,jude-shadow-fighter.9e272c1bbbf26ac07537c47f700ad4edcd762a33f9fad43ce6b840e01b101f2c.csv
61,toy-soldier,toy soldier,a man stronger than an army,male,"hair: bald, strengths: powerful, weakness: sentimental",fc8ea3ac-59d1-11ed-9b6a-0242ac120002,toy-soldier.af6781a3749162861986aaacdb1f7c950cc25cc44228b2d6748a1c9430efb45d.csv
62,pipey-rivers,pipey rivers,a man who loves the water so much and fixes its path,male,"hair:bald, strengths: calculative, weakness: public speaking",58f69cae-59d1-11ed-9b6a-0242ac120002,pipey-rivers.bded4786a37ca41c25f03dfc950ff7fe8db7516173e522f1c4f741ca81909084.csv
63,phiri-of-zambia,phiri of zambia,an african woman with strength and beauty,female,"hair: two purple bun, strengths: free spirit weakness: blind ",24b537fa-59d3-11ed-9b6a-0242ac120002,phiri-of-zambia.38fb67eae45547b6d84fbe45b30288ac50a150c6a0dc0739d3778ddf5704edaf.csv
64,patrick-of-bikinibottom,patrick of bikinibottom,a white man who loves the African culture and associates with their dressing,male,"hair: bald, strengths: adaptation, weakness: fluency",064c7b84-59d3-11ed-9b6a-0242ac120002,patrick-of-bikinibottom.0b4c4b4178e067677ff32e122e087e661e779bfba6c28e4451d951c4035d3b4c.csv
65,nobuhle-of-zulu,nobuhle of zulu,a woman well endowed with beauty,female,"hair: brown bun, strengths: cool headed, weakness: pressure",1ee5b1ce-59d3-11ed-9b6a-0242ac120002,nobuhle-of-zulu.56ed19f88a974e1d684b6bce3d77aa8625ccd5e008059bac75f1dfd0cb838713.csv
66,nkosazana-of-xhosa,nkosazana of xhosa,an african princess always proud of her culture,female,"hair: ginger afro, strengths: confidence, weakness: endurance",2f1a1724-59d3-11ed-9b6a-0242ac120002,nkosazana-of-xhosa.324a4904ded65e3f6749a5fbb9b969c3369d35ffbbf3d05cb8cd80db3edece9b.csv
67,mandla-of-zulu,mandla of zulu,a simple and an introvert who keeps to himself,male,"hair: bald, strength: strong willed, weakness: relationship",d04553b2-59d7-11ed-9b6a-0242ac120002,mandla-of-zulu.05728e7c0cc8de4eceb1e7a66e7a3ecd025c309426cdc10cef777f20dfd6cdef.csv
68,john-doe,john doe,a principled guy who is conscious of his health and ensures protection from infection,male,"hair: bald, strength: cleaniness, weakness: perfectionist",5d19795e-59d2-11ed-9b6a-0242ac120002,john-doe.29f71ae573dd404beeac70f5bf2c179028d2a269c54943ebc6f99d0cfc143bf3.csv
69,ghost-of-power,ghost of power,a woman stronger than ten men combined,female,"hair: black tied with scalf, strength: badass weakness: cancer",29c764ca-59d3-11ed-9b6a-0242ac120002,ghost-of-power.751dc8615b02143e0af9f0e315c86bf99943f80cf8636a43d7bafa656b4ca47f.csv
70,freida,freida,a man who is always peaceful,male,"hair: bald, strength: peaceful weakness: anger",ee671c4a-59d2-11ed-9b6a-0242ac120002,freida.a30e78241e330eb2a1b271ec2d469e5e2009332edfef1ddab2cbcbb9792b36cc.csv
71,flamboyant-tree,flamboyant tree,beautiful african woman,female,"hair: one bun dark brown, strength: beauty, weakness: lover girl",380e4990-59d3-11ed-9b6a-0242ac120002,flamboyant-tree.eedabb352d13f65090ec94d0921e4b30265db0b6e622a57ffdbf8d81363016f8.csv
72,david-of-accra,david of accra,a combatant who fights and defends his people,male,"hair: bald, strength: super powerful, weakness: sleeping",1c1ef1b4-59d1-11ed-9b6a-0242ac120002,david-of-accra.1a10adc9b9b1dfda93393ef23bcdd7104ebd15429f937956943d51c16b6b0f35.csv
73,cally-lily,cally lily,a man who is a breath of fresh air,male,"hair: male, strength: calm weakness: sun",82bba87c-59d1-11ed-9b6a-0242ac120002,cally-lily.833270e57204bb1256fcb13525361be668c6aa9d63e6249ca6ae54775e787b18.csv
74,bubune-of-accra,bubune of accra,"a man with honor, always conscious of his health",male,"hair: bald, strength: clean weakness: foodie",faa4b530-59d2-11ed-9b6a-0242ac120002,bubune-of-accra.22a5e69f6f87123f8470a34a346366e2f2807eb50b752be27db95406a3b0cb32.csv
75,bediako-of-accra,bediako of accra,a strong man always ready to fight for what is right,male,"hair: bald, strength: activist, weakness: irrational",fb6e8222-59d0-11ed-9b6a-0242ac120002,bediako-of-accra.a123aa434848514acfa524a62613956e8732518577ae12a4c5c23b3091de58f5.csv
76,avatar-aang,avatar aang,a man who is ready to save the world,male,"hair: bald, strength: mind games, weakness: insomia",169f93a0-59d2-11ed-9b6a-0242ac120002,avatar-aang.4d913d2a7bb231210d00c88a9b9d0e00082f7a38fe4ae2bb503c7eaf0a907bfc.csv
77,argus-greek,argus greek,a man who you will always find on the look out ,male,"hair: bald, strength: strong , weakness: lateness",e7f26b26-59d2-11ed-9b6a-0242ac120002,argus-greek.750848722290493ef80e46e0df393fa03236872c87a36de535945247ac399b4f.csv
78,amahle-of-zulu,amahle of zulu,"A traditional man, feeling fulfilled",male,"hair: bald, strength: conversationist, weakness: traditionalist",169f93a0-59d2-11ed-9b6a-0242ac120002,amahle-of-zulu.1f6170cf4e08b59db7df0767a0b7d5b3e06e148c73eab73c98a1b8a7c9f7f480.csv
79,agnar-ole,agnar ole,a man who feels like an outcast and always has a battle with his mind,male,"hair: bald, strength: strong willed, weakness: crying",f3f11fd0-59d2-11ed-9b6a-0242ac120002,agnar-ole.9689dfdee4f8b22f0f19d876f27921257df0161b519fe8e5e6df595523a2a566.csv
80,adom-kulu,adom kulu,"a Ghanaian model, proud of his culture",male,"hair: bald, strength: height,  weakness: pride",00f6589e-59d3-11ed-9b6a-0242ac120002,adom-kulu.2089d53180c0971496beafd9d2c24a085b11f9115dc332149916de41d5f56305.csv
81,segun-baller,segun baller,,,,58ac5cf6-b644-41c6-af79-ec9aa5f6bdd1,segun-baller.8302dcc6b7f498b2a7217a346e3f7ce81fde91ab68a9c72b8b38ab213c5bb7fd.csv
82,bolanle-pepper-dem,bolanle pepper dem,,,,46966104-775b-4443-90bb-b35afd121653,bolanle-pepper-dem.efe73c2c50fa26258359e941bb612c82550591a4cdd197669220dce64d7690b4.csv
83,tayo-tailor,tayo tailor,,,,70828783-ac38-48cf-b966-cfebc92ebd86,tayo-tailor.35e6d446e367e2bc64bad415e5193050c1864e0e4a383876e874a6d71ad43cbf.csv
84,ajasco-comedian,ajasco comedian,,,,8bebdb3a-f0a8-47ba-892f-39aa275fbd0d,ajasco-comedian.9a65d58baa78a52cc1ed08555a2c4438e353b55ec3e1455235a296837ab88027.csv
85,tobi-babyboy,tobi babyboy,,,,3da592d4-5dec-4bc5-8412-f1b2a0269f95,tobi-babyboy.1e7cb194e5791bf6b1667386f5c2cb9b7185f5d00fc1fd33dd7fe130ad48970e.csv
86,esther-sassy,esther sassy,,,,0642a25a-966d-446f-b021-a6d18e7fa0c5,esther-sassy.50c4337e6686e1dd450313d48c48672b5d718f708a5a6e16ce520ece5cfc34e3.csv
87,ozo-fineboi,ozo fineboi,,,,fdb0a5b6-7367-48bb-bd6b-720ec8c15226,ozo-fineboi.a65119de792850c23121fcaa83300b735f2012d848051514bdc8f3dd9f3491f8.csv
88,ade-party-girl,ade party girl,,,,7e3db30c-9faf-430d-ab48-b854fe0456b9,ade-party-girl.15b1266829daccb61f333404066cd1ad39bf475d60d171aca146dd9ddbcce7c5.csv
89,john-casco,john casco,,,,2eff88ef-5bc2-4779-917a-533e952e2953,john-casco.afaff31c8bee91a376fb3364244dcf6e7edee9b0d94cf657bf0655aa79548db2.csv
90,agha-uwa,agha uwa,,,,8478a002-1eba-4a05-8b98-7170c6e39254,agha-uwa.980168d832a178dd789193154ec62416c913b20cd22dbfda371cef6f6c016a92.csv
91,udeme-great,udeme great,,,,d1476409-6f8b-4be9-8c93-24d9123749c5,udeme-great.c5ef4921f4b4a886bd3c27e208f199bce53e4539bbfe64c08cdeb9f36cda5186.csv
92,femi-tech-bro,femi tech bro,,,,ba3ec22a-13d5-4e19-9b7f-aac764fda28c,femi-tech-bro.7ca6e161dbb9f02e5fdbffc2c798402a93ec90b1f9f1630e6e9949d0fda0d13d.csv
93,sai-baba,sai baba,,,,fdfff369-5b57-4612-9f89-f5d408f24a35,sai-baba.e48a848ac08aa68024bc8e70417a24685522177c7f1b8aa20a73ae4499959cae.csv
94,omo-pastor,omo pastor,,,,49e09559-61a6-41ff-811a-272721a7475c,omo-pastor.dbab426e8d777c46403d533321c2d3bbd6013409c084287f71ab559c0fb48688.csv
95,obi-container,obi container,,,,4b64cf48-94fa-4aed-8cf2-452974b48ee3,obi-container.2744322baeaa954c8afea9a33acb8dc9f35344ad5f3c2ee514174e17f33c8beb.csv
96,erigga-international,erigga international,,,,3ac39a5e-7b0c-4371-b0c8-7cb4b68aed2c,erigga-international.df87f98021c182e3cd2790560ce66d45f4c7ffe35a2b70654d1095b049b1fabc.csv
97,ayo-web3-bro,ayo web3 bro,,,,c137ec2b-18cd-4c29-a194-af29ac9e6c1c,ayo-web3-bro.8d1290aa4bc4557d5b47b59bc049d9a069953fd9b207dff8dcbda503f9dc7168.csv
98,phoebe-queen-bee,phoebe queen bee,,,,1277e9c0-81dc-4747-89df-a9d2ae4fcf96,phoebe-queen-bee.41af2b4808ae58024de2cfc8da03413d1a284c974f430416a88aed54aa9c3316.csv
99,rachel-warri-babe,rachel warri babe,,,,19e6af3b-ef2d-46ba-ba05-59fb612ebbee,rachel-warri-babe.4ecc088c55ffd557d18cc7f65d2e7bc8c362c40a8d56058095190d38e31feacd.csv
100,adun-preacher,adun preacher,,,,cc4dfedf-c343-48db-ad67-e39452ec2380,adun-preacher.c23a6a7ea3f793b41d71b1553154a27c5b6b8ce38b7c255e819cc709752c3de2.csv
101,adebola-omo-oba,adebola omo oba,Adebola loves soft life with her fathers wealth,female,,fbf43611-f267-4cba-bf4b-a3ffdc122589,adebola-omo-oba.61e9aa4f1291818d1cc264cb9afbe8c51a9c603e3cb54ee73eee5d1f3ebaafae.csv
102,chichi-the-dancer,chichi the dancer,Chichi loves dancing and party,female,,e7c32b06-7022-49b4-bbe5-81e8c1d58583,chichi-the-dancer.bf756a903f9072a0dfdca405b28b4c7685d5b4fa166853575426daef31877ddd.csv
103,hammed-the-farmer,hammed the farmer,Hammed owns a farm with his family,male,,e57d8985-599e-49da-8d62-fc16b7ac93f2,hammed-the-farmer.63866700ecb39f94f8d4b832e98918b1f08905811a324c6d8982ccb2a73a6825.csv
104,farida-the-tivlady,farida the tivlady,Farada is a traditional TIv woman,female,,31d3e229-003e-43c8-ba82-38f49cf58ccb,farida-the-tivlady.989069fde657048b3ae11eb073a076b42a65b6f740653fe23f7f9d3a30530273.csv
105,hannah-the-singer,hannah the singer,Hannah loves singing and belongs to choir,female,,281f5bd7-5282-458b-9811-e369980e7dee,hannah-the-singer.a1624107617788eb57b8abaddc8315ce9f69ba70e2ab9aad7be44719ff6f4c82.csv
106,nonso-the-igbogirl,nonso the igbogirl,Nonso is an Igbo girl that loves money,female,,5cfa76df-8376-4505-af12-78af24f108d6,nonso-the-igbogirl.390804a81ff4ad825c990dbe3ce7324db6887081b4ec5ba90775b9871e5f9c52.csv
107,shade-olori,shade olori,Shade loves soft life and makeup,female,,1a07ca73-d39b-43e9-a0f1-ef9f5e57d3a9,shade-olori.d1351fdcf755d2f2f5b56260bbc8229fbbc92957b0e2e4340598b87d6d8fdcf5.csv
108,quadri-the-teacher,quadri the teacher,Quadri is a devoted teacher that teaches mathematics,male,,d96a93e7-17a4-4efe-b09b-02185cc81ce8,quadri-the-teacher.f8fab7e7f24b56ea309f25dba70c1e671d799ae7c2378b19d8e6dcf2b2a71cdc.csv
109,Ifeanyi-the-dj,Ifeanyi the dj,Ifeanyi is a music dj that performs at events,male,,030f665d-2cd7-4376-aef5-4030dad9f2d6,Ifeanyi-the-dj.c76d14562d95abed4b8d648e59674ce3e40a4215ecac1ac3aff75c77a400de87.csv
110,fayo-the-yorubademon,fayo the yorubademon,Fayo is a youruba demon that breaks hearts,male,,e270e278-a9b5-408d-b527-d518239a997b,fayo-the-yorubademon.602ae690df74394e1448af4e5fdb4f030733826717edd0757a9ef601293a197f.csv
111,nkechi-the-actress,nkechi the actress,Nkechi is an internation actress that acts in hollywood,female,,34b1136d-00b1-4f29-8a03-5b02291d47d5,nkechi-the-actress.28f130c16ed0bed6cc2391be865777a621c46bb75f116ec9439d3ae8530520ce.csv
112,hamzat-the-mallam,hamzat the mallam,Hamsat is a mallam that changes money,male,,592eff9f-93b2-4452-a2ed-5d44ebc969db,hamzat-the-mallam.5ddf5df5930446de075b37a391f04525f348b419c7396b51927050ba0c773e44.csv
113,nnena-pretty-girl,nnena pretty girl,Nnena is beautiful girl that loves to talk about her beauty,female,,d9477612-ad63-408e-8d12-24679c647b32,nnena-pretty-girl.3198bda98f2007bef26656705db9156992346bb8badcd8e1833bb5f7f8d15b0d.csv
114,tunde-the-boss,tunde the boss,Tunde is a boss that orders her helps around,male,,7635c4ee-04f6-4872-bfc9-37e5a73c8fc6,tunde-the-boss.9ebd754eda4e61f0ed54eb6f3e07f71d52a0623a35a4403ce8d766fe2fce4882.csv
115,nnamdi-the-barber,nnamdi the barber,Nnamdi is a baber that does celebrity haircuts,male,,152758f3-9414-45a2-a809-95cb05a3de13,nnamdi-the-barber.ad88ac7679805ce7f0c746e5ca6af66de92130edb031dc74827b3b41e38f21c7.csv
116,amaka-the-hypepriestess,amaka the hypepriestess,Amaka is a very hyper that she hypes in the clubs,female,,c7726e84-3c5c-4e66-8677-cbfb5c9ee850,amaka-the-hypepriestess.e367aa3ca1f96cb34f24a714b318b2f305deb2f23e6a001fbb78edda3956dfb1.csv
117,kemi-foodie,kemi foodie,Kemi loves food but cannot cook,female,,3116cb6f-14c4-4d5a-af57-54253b72a309,kemi-foodie.00770cf1d737f32d875eadce02bcdeb21425ab1d2dc115429471253ffb267296.csv
118,ada-the-fashionister,ada the fashionister,Ada loves fashion that she rarely repeats cloths,female,,a14df1c1-7a5a-4a33-8780-0fb01c593da6,ada-the-fashionister.8e19b5cdb55a4461022d4e73a49732e16512b08ab879670e5a0daaf322699876.csv
119,kayode-the-baller,kayode the baller,Kayode loves life and lives it,male,,fe17bfdc-c251-4654-8313-1ab793e11748,kayode-the-baller.4cffe9122e23e2366fd5034f5662190620b4e142f43740dcfd905bd6c1e343b3.csv
120,kola-of-lagos,kola of lagos,Kola is the life of the party everywhere he is,male,,df295be1-1509-406e-a263-28a5dee0abca,kola-of-lagos.353a4dee02820384adaa1716d4889ed4eee89fcbf92fe4b2ff1a84b032af01fe.csv
121,azikiwe-popular-trader,azikiwe popular trader,Azikiwe is a popular trader,Male,"Gold teeth, clothe:isiagu",7ebde325-8efc-4997-811a-b5686269929e,azikiwe-popular-trader.1d36092d0148a1103fd37dfc5871f60d84d5b5d053a444311330656870629128.csv
122,obasanjo-funny-guy,obasanjo funny guy,Obasanjo is so hilarious ,Male,Cloth:ankara ,c136a120-a339-4080-96ca-1c93845c5848,obasanjo-funny-guy.ce76103bf72c46e889acf34b435e75d6839ec9de74278a303c69354e8c0f688d.csv
123,yakubu-village-chief,yakubu village chief,Yakubu is the village chieftain,Male,Gap tooth ,5b0c0d26-d204-4264-b579-081ff9df935b,yakubu-village-chief.08ac7ba066929e74eb6eb05d9687dd1f81c4de927170567cce7727e88145ba26.csv
124,abacha-loves-smoking,abacha loves smoking,Abacha loves taking pipe,Male,Pleading eyes and a pipe ,8ac6d95f-0cf3-4f54-9cf2-be8834b3004c,abacha-loves-smoking.c6170db601a1fdcf58c9b7edc7dabbef23cd8ed501bcfe932e7ec088341e99e7.csv
125,johnathan-good-leader,johnathan good leader,A very progressive young man with positivity ,Male,Agbada attire,241e3713-4ce3-48d0-827f-b282ae2db6c4,johnathan-good-leader.19d3a40e4756de7fc3148f5fddcfc64c88d7d2aada58e4a895385cc99b3adcda.csv
126,johnathan-genz-kid,johnathan genz kid,"A child of the moment , all fun and cruise ",Male,Hair; high ponk,90c0ae09-a35f-42ad-b93c-dcf30169acd9,johnathan-genz-kid.fdc4cbb3d2fa2d144806d9f02b64d526d747aeaf846859bb08e0db4b606d29ff.csv
127,eddy-the-community,eddy the community,Man of the people ,Male,Two teeth and kaftan attire ,5cabf9d9-882b-459e-9253-8c07eb045e2d,eddy-the-community.e9c71eb7acd533f8696f9dabcc759371aaf2b0beca758c649bee1d9c9a4dcb51.csv
128,olu-the-oba,olu the oba,The oba of Ofuk kingdom ,Male,Pleading face,04c4b28a-aca0-44b1-a064-ed0d9d2a31ca,olu-the-oba.cb1f66de4580dddc818a1e5fe4ad93e0fb13dec97eadcfea1686133ce5bcc49e.csv
129,edu-the-biggest-trader,edu the biggest trader,The biggest merchant in west coast ,Male,Blue eyes,48d1de5f-5f3f-46aa-b2fd-68420a8e802b,edu-the-biggest-trader.709579ce218a32f71c5aa5aa4309f3d6e9e6ac9482ea3a0e2ab8761447dedf32.csv
130,james-importer-and-exporter,james importer and exporter,Sole importer and exporter of spare parts in Africa ,Male,Blue eyes,22541251-022f-480c-8c1e-cf754dce16d6,james-importer-and-exporter.92f513478c96b601dc4dc88cac4eb71406b59711a317851d9e71ee2c4d4e619e.csv
131,lanre-the-dreaded-guy,lanre the dreaded guy,The wayward tout,Male,Bandana head scarf,66a054cd-5541-4000-98aa-8f2e9892d880,lanre-the-dreaded-guy.9ec6b195ade787b968e83450109fd6a9bdc7d99b15b881ab21dbe6a57d62d7e2.csv
132,olamide-the-street-boy,olamide the street boy,Friendly street gang,Male,Gold teeth,d50a35b1-b42e-4e0c-8dd8-9b892b56d371,olamide-the-street-boy.aee73ae37ef070de1d0b30a756f1ea881d64f9367c984f74f767d9a23bdf76a2.csv
133,uche-peace-loving-man,uche peace loving man,A man of peace and discipline ,Male,Beard,6c9d6eae-2ea2-468c-a2c8-928aaafc084b,uche-peace-loving-man.b59705e6d769a3cbdd1bb35fa0f6bb014723243c92cf934d4ef0ee4978d65c7a.csv
134,dave-the-tech-bro,dave the tech bro,Dave the web3 geng,Male,Beard,c0857b11-bf0e-46a4-9108-b8eb93d83e74,dave-the-tech-bro.e27a3b9791af53bbfcd9e41bffd8c402f54e1519ada2e882fb095aec277e1119.csv
135,obi-the-biggest-humanitarian,obi the biggest humanitarian,The biggest helper during the pandemic ,Male,Gold teeth,201a408c-7a2e-42d9-a62c-0136c885c211,obi-the-biggest-humanitarian.6c764a5e8a1664c8333b5b744315e4c5a5f7fccc64034879ed3286c16f75af56.csv
136,precious-the-emotional-girl,precious the emotional girl,Soft hearted and sensitive precious ,Female,Brown hair colour ,b6a41ff1-51ce-42f7-9933-85d0a22ced68,precious-the-emotional-girl.9ce25bf62eddafba6e8a1b50d8a2d65994ffb2663f0d7cba053c2bcaa1cab1f2.csv
137,ella-serious-minded,ella serious minded,Ella a dedicated young lady ,Female,Purple hair colour ,04036447-f43e-4bfb-9503-f55c9064b14e,ella-serious-minded.3efaad1576823ef0ce8efcf526806a777416bea795fa1a8223df11521197454a.csv
138,cynthia-cute-eyes,cynthia cute eyes,Cynthia with a priceless cute eyes,Female,Long hair ,5d12847b-6d71-4691-8337-2e6ef3e283b2,cynthia-cute-eyes.3d2d807b8b3154172d91ce8ca3b53102d830db551fcc974f3a39f01bbf32c3b7.csv
139,mary-with-hair,mary with hair,Mary with her beautiful Afro ,Female,Brown hair,98035e8b-6540-4464-8a3c-fdac9f07b168,mary-with-hair.6ccee54fa127b2e4d2ea46f53cdf6295ba10ffdfed1577b7fe2f2ee7722839b0.csv
140,ada-chewing-bubble-gum,ada chewing bubble gum,Ada always chewing gum,Female,Black hair ,15309dc5-e483-4658-b503-db85ba2c1722,ada-chewing-bubble-gum.95b37e9b1ca9a4fb048aaca1db7339b86fd701b75c152852809ca96cbfd8fbf4.csv
141,viganem-the-drummer-girl,viganem the drummer girl,she loves jumping a fence to play drums after school,female,,5a5a6f5c-39f3-4beb-ab74-60d3c7a90fd4,viganem-the-drummer-girl.b2b8cb6918d27af83ad29f2dd323dd5f674dd96255604c053643345eec117794.csv
142,lenusuka-the- big-woman,lenusuka the big woman,The lady that loves spending money and buying everybody asaobi,female,,e564a43a-ef77-487d-a88e-749d20a09fd8,lenusuka-the- big-woman.752facc3e532de3dcba6708a03e7fb90932dfce341870ef38834824b0aedbd7a.csv
143,enepua-the-clout-queen,enepua the clout queen,The lady that travels all day and enjoys snapping food at restaurants,female,,6dc7e452-0626-4f4c-a28c-f5db3532e305,enepua-the-clout-queen.054bddbe1cf5e03e878363cd86d5635f1874f6aaf3dea3c798cbac2f110cc780.csv
144,usifong-queen-of-mushin,usifong queen of mushin,Changes her hair every 2 weeks and cannot finish one pure water,female,,221263d0-8775-49f8-bbf8-4b08b49e1482,usifong-queen-of-mushin.0f43208128877b39456f37b274122fdfbd2b08b826d00e4b7fb0d39e0dd82231.csv
145,akinyim-the-agbaya,akinyim the agbaya,Always playing with small childrens and mostly small girls,male,,c1070dce-48a1-4ae8-b9a4-d070859a8377,akinyim-the-agbaya.0d975017f74f7db9de8368853f34eb0ba5b50daf97e4fd2b5ea28078fe1706b1.csv
146,zawadi-mr-sleep-everywhere,zawadi mr sleep everywhere,Likes sleeping in the weirdest places especially in clubs,male,,c22489fe-574b-47f3-9667-c9c798b2d4df,zawadi-mr-sleep-everywhere.a00b9aa21b6cc32a6d736fbe12ba09b8befb6fb052ecf836646754f12718921a.csv
147,chepkirui-mr-self-love,chepkirui mr self love,Likes taking care of himself and spending on himself,male,,1a91e778-d214-476b-a667-94e9ecb8b5ce,chepkirui-mr-self-love.89b16eb9e93dceea353018a185d31c3f4041494110e98fae63060b76bd47784a.csv
148,naserian-mr-fear-fear,naserian mr fear fear,Has never slept with anyone and can not kill cockroach,male,,8177cf38-8284-4eb4-b19c-04473bcb3b5e,naserian-mr-fear-fear.64ce7750d4c493f430e51f14c0f301dbf1a6e4350100fec746cb23a16e590f46.csv
149,wawuda-the-ashawo-of-africa,wawuda the ashawo of africa,Brags about his body count and follows skirt anywhere,male,,0554bf35-f588-4009-aafc-ef875b878c29,wawuda-the-ashawo-of-africa.ae840286577d809b178068cb2d48e8cddd75d7db5ccc6b0f59276784e572a900.csv
150,kerubo-the-igbo-smoker,kerubo the igbo smoker,Loves only his igbo and is happy when he finds an old blunt,male,,33ba8e73-7949-4bc7-ba27-37ee1d573946,kerubo-the-igbo-smoker.40e069d1a6a3304fd4981c239c129625252fa760aab97603b09287dd056e3b1c.csv
151,rehema-the- olodo,rehema the olodo,Failed primary 5 eight times and like playing football after school,male,,1fb33783-4898-48cf-8a73-f81afc71e1a8,rehema-the- olodo.929fff75e7c18d172b78bef4039e73c09ee449470e34415d0e8b92ed0d211d2c.csv
152,nekesa-the-brainbox,nekesa the brainbox,A proposed elite who cannot write a simple speech,,,7ba909bd-19a1-454d-a86c-a45e85cb94a6,nekesa-the-brainbox.f3e458fd3c8f6b95ef6079ef2b3b7052975defa7c90a9ab7a1327b7a232e9def.csv
153,kiokoli-the-slowrunner,kiokoli the slowrunner,Always running in every race but never making it to the first 5,,,d7027b6c-ae53-4cce-b80d-67aeb7ceb1ba,kiokoli-the-slowrunner.e43a355c1593e0d578b678b03a8f4db5899b4f0f5f3de68c754869347090424c.csv
154,adjuani-uncle-wire-wire,adjuani uncle wire wire,Mugu money spender that loves spending on women extravagantly,,,36cd959f-d280-41f6-af76-765715c72527,adjuani-uncle-wire-wire.53b1838d3d75f552c4909e8800f0be8ede8a468e1c5a332f0e4b1a40e29265fc.csv
155,ajobaru-a-serial-killer,ajobaru a serial killer,High end assasin who cannot survive a day without sex,,,9d262f55-73d7-4b95-9a82-42356dbb085c,ajobaru-a-serial-killer.cabdd8e29a068d21c9a268fce7033f7916900fced1b76a52c975285a5e104a04.csv
156,effiadem-the-fireman,effiadem the fireman,A retired military general who always loves shooting at sight,,,a4534fe0-b5ed-41ab-af72-1f2d0ff0fc64,effiadem-the-fireman.f12d03f3b8f77dd197de3f44f0db4b86512f84661506c65b7e140178b510fbe0.csv
157,deladem-the-commandoo,deladem the commandoo,The nerd who has watched all war movies but cannot fight a kid,,,88106b92-da30-46ad-a3cc-d528683b9e33,deladem-the-commandoo.39cc0a0ee8071cf1805176a9434a886b7e41395ac673f8228624a2cfb05058a8.csv
158,dogbeda-the-monger,dogbeda the monger,A fisherman who pracitically live in the river,,,66a09968-cb92-4378-a588-49947f68c537,dogbeda-the-monger.7ac47361f5dacb2beb67429158b9069ea383bdb8b9089599a236d8d28d7f77a3.csv
159,enyonyam-our-slay-mama,enyonyam our slay mama,Posts new pictures everyday and can snub for africa,,,5e7c7f9d-d631-4759-9b27-cbaccd33d39f,enyonyam-our-slay-mama.22778360dae3dd8c08796a2d297eea34e9eb0d79a35bdd5a796850e708b9faca.csv
160,lumusi-pro-technician,lumusi pro technician,The electrician well known for wiring burnt buildings,,,b07676a6-c611-410d-8426-46c9c525189a,lumusi-pro-technician.dec913091afcf98779955406ef226c90bf1d2a25e84a05164db95d5aa99feba0.csv
161,funmi-the-fashionist,funmi the fashionist,funmi enjoys fashion and she always takes opportunity to showcase her wardrobe,Female,,4f9d99a4-78a2-4fdd-bc30-b027600fa88e,funmi-the-fashionist.44133249cf59e32f1f8ac3e9f95ad626bb080feac118def5e46f57f65d54efad.csv
162,bola-the-funky,bola the funky,Bola is a funky fellow but she has another personality no one knows,Female,,ac721b71-cbc5-425c-851f-ee826973f0b9,bola-the-funky.54c8b9d07698ef1f062c848477f16dd7374f37e98b6e2994704eed9d1969bd70.csv
163,bimpe-the-runzgirl,bimpe the runzgirl,"be careful with bimpe, she can run you strong thing",Female,,eaa7662f-6926-468a-9add-e791916ae42b,bimpe-the-runzgirl.0c0b7899cef6980bdf7a79cf2c6e56829d821909025e7ee5c17d6029dbbe7927.csv
164,sola-the-queen,sola the queen,sola is a princess. she's got the mind of a queen,Female,,d5f23ad3-832a-4d3e-814e-e23f466d18a4,sola-the-queen.c91ffef756f8a4e167a2cdc4f9aa43520f29e59efd4b1f20dc19565937432aa5.csv
165,temi-afro-girl,temi afro girl,"temi is know for her funny haircut. this time, afro is up",Female,,4f9d99a4-78a2-4fdd-bc30-b027600fa88e,temi-afro-girl.da19f1d7a37a157dce62b2a3df5cc7e886e40c5365650783c1fb9c90522c6f83.csv
166,jonny-the-bravo,jonny the bravo,jonny is our local police. he breaks boys free,Male,,2b345988-b4b0-453b-ad39-efe1321bc8f1,jonny-the-bravo.5e6001dd7dca8db97d5d3472a3c58dff2767d4bd1530a470bf2e68c8de024268.csv
167,tunde-the-bigman,tunde the bigman,tunde is the big man on the street. flamboyant life style is his identity,Male,,56db423e-8b09-453e-b5fc-61f4da9d7a6f,tunde-the-bigman.e3a7a91bd18d0c6ac92434f77dc47e95aaa76b80ffca65ab5ebe063012cdcd2d.csv
168,joe-the-plain,joe the plain,plain and simple. no one in town is more gentle that broda joe,Male,,7a3083bd-5aa2-48b5-a30b-4445cc060f57,joe-the-plain.fb9d02ec484ba7fc02609164f3973ac8d5c53dc2dd36a1e45192b3f0e5f8b9f6.csv
169,wale-sharp-guy,wale sharp guy,wale no de carry last. the thinks and act fast,Male,,44906ea0-901b-4b3d-802f-f73acc8758f6,wale-sharp-guy.2efa770dca0f80430636255a51eadaf56fa52e7744ad5e1dd74e0f52c4b487a5.csv
170,dele-the-snoozer,dele the snoozer,"if sleeping were to be a job. dele will be the world busiest man. set a bed in a fury furnace for dele, he'll sleep.",Male,,4f9d99a4-78a2-4fdd-bc30-b027600fa88e,dele-the-snoozer.89ccaa2b4360cd7b2fe9083246dfec9f1ba7fc2c52abcc09f63e9a19beca172a.csv
171,father -of -tolu,father of tolu,baba tolu is a proud father. he will sell his soul just to see tolu excel in life,Male,,a2651258-ca3f-4940-b095-3a61ff630263,father -of -tolu.4b8cd97ac3bf479d6a40961f23f9862b674e28d288a4af11a6b4005e4861eb74.csv
172,emeka-the-chief,emeka the chief,chief emeka is the pillar of the community. just and fair to all. the real mazi,Male,,de25fd63-dafd-4f77-8072-7ac0ae3a3ab2,emeka-the-chief.7d28c758a08f98d92d056d24c62a6cb35d79ec765ee05a714c51c6dd1a8fd690.csv
173,lawal-the-drooler,lawal the drooler,"lawal has only 2 business, alcoholism and alcoholism. it's only normal for him to drool afterll",Male,,806b640f-1c8b-4cc0-aa10-45f3ddc00140,lawal-the-drooler.c96cb2a28ef6adb95e9b10f05e7710b706e2e9c107a57283a48058e9a7836070.csv
174,solo-the-messenger,solo the messenger,"solo is a multitasker. you need anything done in your home, solo is your guy",Male,,44906ea0-901b-4b3d-802f-f73acc8758f6,solo-the-messenger.410104d67e1d7fc2f58ef3e66f4596c0489fde7c3ec19575840928fa40fbe158.csv
175,femi-the-honorable,femi the honorable,honorable femi is the modern day politician. everything he does is only to further his political career,Male,,af53bf52-b517-4347-adc6-07cf30c19025,femi-the-honorable.b9302d38f85e82d22d881cfa9ea5e13e604cf6ed5d8c71a22fba3a6497658dd2.csv
176,friday-the-bigsboy,friday the bigsboy,friday always live up to his name. every friday is for the party.,Male,,05ec3aae-7da8-4125-93fb-6fc544e5bc61,friday-the-bigsboy.b8943665100b5816c16238979d92110e3c5aab4547088cc73d2e6b6e81ca285b.csv
177,kweku-the-planter,kweku the planter,kweku says he did it. kweku dey plant Igbo until he was bursted,Male,,af53bf52-b517-4347-adc6-07cf30c19025,kweku-the-planter.46fe465f3b4c34373ec26cfe084e676a233ea6629f9563fe7d7540e9435fe077.csv
178,2pac-the-remix,2pac the remix,2pac is alive in him. his style is exactly the same. upcoming artist,Male,,9993e5ec-2f31-485c-9c6d-f780c078ae56,2pac-the-remix.456a9c7001efb648d9dd6d54986ef32d80007edb507739ca546a25bd7326e1a7.csv
179,tope-the-influencer,tope the influencer,tope is a famous influencer. loved by his followers which keep growing everyday,Female,,3b3e1f66-922b-4f87-8cdb-0d09fc143182,tope-the-influencer.0f726c76c49e581a0cfb80e1d41cdf555d040b659e86241b206a61baf83b36dd.csv
180,gabby-the-evangelist,gabby the evangelist,"evangelist Gabby, blending gospel with comedy. he's going places",Male,,ac721b71-cbc5-425c-851f-ee826973f0b9,gabby-the-evangelist.8d7b61b0911ce0f27c932eee66b4700782c781670b744aa84db5354ab985aefe.csv
181,beauty-of-town,beauty of town,She is the most beautiful in the neighbourhood,Female,,7241a1be-59da-11ed-9b6a-0242ac120002,beauty-of-town.defe741c3bb4c75a2bf1a50219c86f1824c0af8cdbb3dcfc2fbac76dde3dbb44.csv
182,lola-babe,lola babe,Looking hot as always,Female,,7241a664-59da-11ed-9b6a-0242ac120002,lola-babe.3099584622cef69fd54ba1281032f5f2413836fb958eb06971c5f890426bdae9.csv
183,cardy_h-sharp-babe,cardy h sharp babe,Cardy is the sharpest amongst her friends,Female,,7241a7c2-59da-11ed-9b6a-0242ac120002,cardy_h-sharp-babe.ef933d360abbb32baf4ca1430b68b5bf6104df6f11ade7a9aa649df9e749a7fc.csv
184,bella-the-baller,bella the baller,Baller for Life,Female,,7241ad26-59da-11ed-9b6a-0242ac120002,bella-the-baller.35c03fdae15603315ebf4ee298c48ee9e422775ccb868ff6f24a09d89f79ddd5.csv
185,milly-of-roses,milly of roses,Her lips so red like a rose,Female,,7241af92-59da-11ed-9b6a-0242ac120002,milly-of-roses.b61fff522abbb43e6ddfaefd256bb0588326bd6946f08a057f17b5fe4802aba0.csv
186,Preciousjada-the-viper,Preciousjada the viper,Her words stings likes a viper,Female,,7241b12c-59da-11ed-9b6a-0242ac120002,Preciousjada-the-viper.80921f4926f786129a5888c8447f6293e07cdff115a9f1dd3d1b5ec3a5c3a3e7.csv
187,lolly-of-NY,lolly of NY,Most popular in NY,Female,,7241b2ee-59da-11ed-9b6a-0242ac120002,lolly-of-NY.ed157bbd24dfe2f846767d3b01460ab0045a45d83bc26a37b47e2273732e3ac6.csv
188,Disy-the-dancer,Disy the dancer,Dances her way into any show,Female,,7241b4c4-59da-11ed-9b6a-0242ac120002,Disy-the-dancer.8ea370c63975a80f7bfc4ce6e4bc26aa2461c4bfabdac173afbaab62dbbd7596.csv
189,Jenny-the-great,Jenny the great,The greatest of our time,Female,,7241b852-59da-11ed-9b6a-0242ac120002,Jenny-the-great.10ae1f0f73d3da82dd670352fa62cd7df2b1f8a9e6064dfa8ec9f2504704e962.csv
190,lolly-the-pop,lolly the pop,Seeing lolly makes me pop,Female,,7241ba00-59da-11ed-9b6a-0242ac120002,lolly-the-pop.f022940207f5f9dee96b153ae8a64b28ec9c19ebf73f4066271baec8732b79ee.csv
191,disy-the-queen,disy the queen,The queen in her own space,Female,,7241bda2-59da-11ed-9b6a-0242ac120002,disy-the-queen.9d6636b7495da530db221b4f2588e8195d72236ca74ae76c7a9eb9487e40e1df.csv
192,JennyP-of-Lagos,JennyP of Lagos,A well known celebrity in Lagos,Female,,7241bf1e-59da-11ed-9b6a-0242ac120002,JennyP-of-Lagos.4c9af7af86bee510fba1ed7ac7fc3422fbfd7b922ee932ea8a5ce433c1e3ccae.csv
193,Jada-of-life,Jada of life,Her business signature,Female,,7241c202-59da-11ed-9b6a-0242ac120002,Jada-of-life.ecea541f5d12c9b3dd8a2c4c340162c51b073ba4b9d20de12335dabf030ecff1.csv
194,Sandy-the-rapper,Sandy the rapper,She just loves to rap,Female,,7241c342-59da-11ed-9b6a-0242ac120002,Sandy-the-rapper.a3ee5ed9b54a24b42356c02edf6c6d36624f7e4493f0c0e2d9b7d41fb9694230.csv
195,Dahila-the-genius,Dahila the genius,The genius in the family,Female,,7241c4fa-59da-11ed-9b6a-0242ac120002,Dahila-the-genius.f472c89ee6e3a2cd0aa309b7503c3bc7eb489a54c968114b978c7658794cb86d.csv
196,Rosemary-of-Yaba,Rosemary of Yaba,She has a cloth store in Yaba,Female,,7241c61c-59da-11ed-9b6a-0242ac120002,Rosemary-of-Yaba.6162ea36a54f59b7c60dc26b3e8d05e8764db9ce36d090f5abba5cdf8a2d2691.csv
197,Jennifer-of -island,Jennifer of island,She goes on vacation to the island,Female,,7241ca18-59da-11ed-9b6a-0242ac120002,Jennifer-of -island.cb50926a70a172a210235542287723d8fcd089d387e2ee8b88ec71217c8bea25.csv
198,Opeyemi-of-lekki,Opeyemi of lekki,Opeyemi lives in lekki,Female,,7241c8e2-59da-11ed-9b6a-0242ac120002,Opeyemi-of-lekki.66045df3ffedaf3a459f1b2fc5858ab24a0db815bffd1e43afb85c4e53219e6d.csv
199,Vicky-the-artist,Vicky the artist,Brings life into what she draws,Female,,7241cb3a-59da-11ed-9b6a-0242ac120002,Vicky-the-artist.f39dbe75c3e67e5bf41f15c3c8c1966e1637003178dc007282673bff8bdacb5b.csv
200,Afrogirl-sailor,Afrogirl sailor,She loves to sail the ocean,Female,,7241cc66-59da-11ed-9b6a-0242ac120002,Afrogirl-sailor.6a6e2a9b088552113dbe9f0783a47763662c82ef23780cb74114e17b2d0f72c1.csv
201,,,,,,,nan.3f69ba8c33fdb038e5bafbe7d9137e16f672a12cc4f4bf09e1be798f26627f8b.csv
202,,,,,,,nan.d7f4113a1fb78eea46f54d259f40d366623d09130528c5374b7122ea16dd0bbe.csv
203,,,,,,,nan.199318bf2520cc8597a6f37730c13c1c16a7852f3340531cf69c109a9bb5b8f2.csv
204,,,,,,,nan.d5a8d57faf34aa3dd6cd0528ac01db752efaac7af41f6d141eef3002c7c912bb.csv
205,,,,,,,nan.9e98eb450dd84e681c9902a135e1bb9e6942b46ec848d11280db21772ac76df6.csv
206,,,,,,,nan.aaf4294de70a3f52cdbb0cf8d7040d728c43d06c71f6a8204b5b668519fb1808.csv
207,,,,,,,nan.64c713b5400d7aa24578d46e584aaa21cb4598e8e57152f88495956f5f1f4d8e.csv
208,,,,,,,nan.8586f193197282c9c2520172145821214f5a12b2a19219ae3466a83936372ab3.csv
209,,,,,,,nan.e12fa13b916b45be21b70c54cfce0903a6a81748c31d725a87421d46084b8ab7.csv
210,,,,,,,nan.0d65ecda88e9bf3a6c711bf7f42887f4ad46a7343ad7ee6c032135ed498d8abb.csv
211,,,,,,,nan.54114d5d70706b4e43e1e9b5f1cd0f3cd7d9e4c2a5795b4e59486be3ebca7138.csv
212,,,,,,,nan.09f932cae1340f84a8c9c1c0c96140cf44b75a8c61e4a67b31c7baf51b58a52e.csv
213,,,,,,,nan.8b8fbdc3788eb9ab74eac10f7082c6d34e379d3fe23c483db31fcd4a8567ea3d.csv
214,,,,,,,nan.c92f81a31a8ed7f3a4ec032beba8c6d316cff11daccbdc99fb39e99f26553e39.csv
215,,,,,,,nan.d92bc26c0bc047d743223bb6bf484547737d8c041680e3734e6649f5ed34f733.csv
216,,,,,,,nan.f8377b18ac30e623e441218274caa5c2f9826099d1e6003279b08bc64a802ee4.csv
217,,,,,,,nan.856c4960e82a5c73bba1142ce4949be6209badf3529d3ebbbca978beb7248574.csv
218,,,,,,,nan.428efca4521111fad874289442c2828b9cc7e99000935511b92a451497c0ee5b.csv
219,,,,,,,nan.695eee82f9c75ce24fd1f07db0bf0705c7db5f4750724ca6b9505c220f556c7c.csv
220,,,,,,,nan.0bbb7093c45d1a31ea69921af22d842a9a57bc9692d751148824f0888716a90f.csv
221,hng-newbie,hng newbie,A confused hng participant that cannot understand her project,Female,,0ddbd22c-b3bb-4c72-9f51-0361480bbfa7,hng-newbie.dc9f435e8c930ea0ee59d89bac829c6e772be649a17cfe8cc42aed13ada78eda.csv
222,nene-caroline,nene caroline,A housewife that loves taking care of her family,Female,,4ce5bcf3-d4ed-4277-8187-cb1797c1ac7e,nene-caroline.dc9ca8f697432e3202691df0389156a3ef9a6041900cd95c283476a2bd4ad552.csv
223,wazo-partystopper,wazo partystopper,A Nigerian aunty that loves to attend owambe parties,Female,,77237cce-bae0-4d60-adad-27055f0eed39,wazo-partystopper.2660855e7d415eaf5215644320757da472ed62be9a3e5b0527367db4171816e5.csv
224,melanin-janet,melanin janet,A young lady with a soft personality,Female,,a5a2854e-a850-4b15-b3c3-176a79b2d34b,melanin-janet.8a06c0a8d47278e46de82e1d1ce28c330b5889e06da0bc4e5bfbf0bd7567ace7.csv
225,leo-sugarmummy,leo sugarmummy,A middle age wild yankee returnee,Female,,7ec03993-f500-4a41-aa3c-a73df7a0fbed,leo-sugarmummy.dc8118269e6b44428c6f2eba4dea9384048db935b83f07f36a90e131a86fad57.csv
226,novice-joane,novice joane,A princess worried about finding true love,Female,,a5d49163-41b1-43fe-ad7f-0c78ef530b1a,novice-joane.833beca592ec834c3f0f6801c93c5533c6f64c5c7e153d2ec257b6ffc021babe.csv
227,goofy-simbi,goofy simbi,An eccentric teenager that loves music,Female,,df7dc588-f99c-4592-84f6-08b40047d9d1,goofy-simbi.5a4f51b7d7cf5f1df56ae71409dfe67ffea0ac03d13e975331cc9cfeabc2d973.csv
228,akwaaba-ghana,akwaaba ghana,A depressed gothic introvert,Female,,d1e8b38b-994b-487c-890b-9034d3ab7dcb,akwaaba-ghana.606e4e62fe015719b192aa073213b80ff1382857d70e590f83117f37f05b1128.csv
229,aunty-toyin,aunty toyin,An oversabi family member,Female,,1326ef4b-224a-497e-9452-e63a4486e387,aunty-toyin.7f520dcc4ef82c8acbcbe6dd0fb8482236ae6454f70e63f298b4a02739a9f021.csv
230,pretty-hauwa,pretty hauwa,A young bride involved in an early marriage,Female,,7c771f82-a512-403c-91b9-6736318a8796,pretty-hauwa.483ce274f2c24f8ac165231b725c4e12e406c58312cb64954371391944f332f8.csv
231,chimamanda-enugu,chimamanda enugu,a young lady born during the war,Female,,eaad5c98-3f85-4480-9c4e-b73340cfba4f,chimamanda-enugu.4f0d6575c90d809ece11627b9bd41b318d183171c9f83440074879e0b8f1c6d6.csv
232,kente-solape,kente solape,a respectful and diligent princess,Female,,613ce65c-4b16-43f8-a0d9-b5ea8c5f2195,kente-solape.53ad320f49b74596b7ae0143da7c3855af8d57daea707977f2b5ad481df6ca8f.csv
233,vamp-karishika,vamp karishika,Queen of the darkness,Female,,c4ee8a54-0874-4a7f-8344-dea8ba41f5dc,vamp-karishika.b5b47efe45cdfc58057933ddf4d613470183b1bc1806236924c349b9531719df.csv
234,genz-monique,genz monique,A sassy lady with her own vibe,Female,,b5328f13-b918-4e76-8d4c-8b4aec5eb5fe,genz-monique.0d27dc3ba42dde8fbf561d36add8b8763841bfde2928a424accfc09540ee2e58.csv
235,femi-boltz,femi boltz,A driver hustling his way through life,Male,,03e8d36d-5bdc-4da4-8f64-c1738eb9d1db,femi-boltz.c0277cce05a0b7ff67fe7c113d8fb9a7322ba72c24b0b94ddd69b4372fa9851e.csv
236,agba-tech,agba tech,A tech bro that loves to party but has bad communication skill,Male,,403f28a0-6aa7-4f80-997f-b0982c169baa,agba-tech.eb2c2919c967cff24f938803adc019305f34a4d119cc7086d538bcbf21dfb098.csv
237,brian-richkid,brian richkid,A trust fund baby that does not know how to manage money,Male,,9d945d79-dd2d-4755-b9c7-bff837be8557,brian-richkid.89fb67919725d2043b3bdf414d9d04494e811bd5e819e92e25bfa09cfda4ab04.csv
238,nandi-zulu,nandi zulu,A fierce African Queen,Female,,09702bc0-d10c-48d3-a1e9-2aaa4e9f3f39,nandi-zulu.9fba866f673331e60b19332cba3969cbd5392e32a21f9d649e2158366079f351.csv
239,ade-demon,ade demon,A lekki playboy that makes money from crypto,Male,,0be2d50b-3e57-4e39-a199-b211d2be860c,ade-demon.b02e320ab9a957a8becb87c5c7e6f1cb3f668e7ba35a0365c397871285097be4.csv
240,karim-rapper,karim rapper,A young and proud Lagos rapper,Male,,169b58f8-b84a-4ab3-a4b6-d1c5b36aa1d3,karim-rapper.ca373f20a3f07d7173497ee591e9be3ca41850cdca6143117f595ab0176aecc8.csv
241,bobo-alinco,bobo alinco,Alinco always in the mood for play,male,hair colour: dark brown,ede853c4-5abd-11ed-9b6a-0242ac120002,bobo-alinco.050ed76f562f35891ad1aec8cc9c9427ecc3fdf9b4b8ef4aae3f9f88be63bfef.csv
242,chi-lastborn,chi lastborn,"Baby of the house, the lastborn of an average Nigerian family",female,,ede85964-5abd-11ed-9b6a-0242ac120002,chi-lastborn.4be6dd1fe7b9757edbfa51543eae838ea8d799bc1aaee06b13bd328f951317b6.csv
243,uju-robo-robo,uju robo robo,An aso-oke business woman at balogun market,female,"accessories: ankara beret,",ede85f90-5abd-11ed-9b6a-0242ac120002,uju-robo-robo.6d344cae9af123f81a88c8e6cd71a8cd308208209697e180436eb5645ef995c8.csv
244,yetunde-anifowose,yetunde anifowose,Old money lady who was in UK before UK was UK,female,"accessories: tobaco pipe,",ede861b6-5abd-11ed-9b6a-0242ac120002,yetunde-anifowose.b407838632401739a771acece647a42413392e4bacc9be2de6d76745f1676170.csv
245,dumebi-jjc,dumebi jjc,Innocent 100 level girl wey never spoil,female,,ede865da-5abd-11ed-9b6a-0242ac120002,dumebi-jjc.503c064db7a461759a928b1e02f0b4b6f5a84943e500038c4270b2a678a5b427.csv
246,ukwu-nengi,ukwu nengi,Well endowed woman who will always make heads turn,female,,ede86800-5abd-11ed-9b6a-0242ac120002,ukwu-nengi.89971e5662e2931069995dceaed7109eb12b91044b82af42ca00fdd4bdb05abc.csv
247,nonso-malay,nonso malay,"Man on the move. It is either ego, or money my bloder",male,,ede86a12-5abd-11ed-9b6a-0242ac120002,nonso-malay.23404cf718a421c3ec24704a1a1488e15db0a89a2a85f9e8e42654a58c765ac9.csv
248,saro-texaco,saro texaco,An oil tycoon who dominates,male,accessories: cap,ede86c2e-5abd-11ed-9b6a-0242ac120002,saro-texaco.1cf10fb56ede3f1a2b5e36c5312917e72d27058dddd538b113eba95c31dcf43f.csv
249,akpos-agbero,akpos agbero,A Warri boy always in the mood for violence,male,accessories: cap,ede86e22-5abd-11ed-9b6a-0242ac120002,akpos-agbero.758f98ea5dde4c21f1fa3db6b0fd8319412326154e11cecbdcfbd64c4a0a4a5a.csv
250,kasali-danfo,kasali danfo,A danfo driver popular for his positive outlook of life,male,accessories: cap,ede86fbc-5abd-11ed-9b6a-0242ac120002,kasali-danfo.4182e120f236d395299b033e84a6c052539502e38327ca0176a2e81fe11cfdb1.csv
251,osaz-benz,osaz benz,an Internet fraudster who hails from Edo state,male,teeth: gold,ede87fca-5abd-11ed-9b6a-0242ac120002,osaz-benz.cdc46c3bdf92711a332a391f0076fa824b28ee2283dcf6548a5d0d2962c5ee26.csv
252,kareem-kasanova,kareem kasanova,Abuja big boy who knows he can get any lady he wants,male,accessories : cap,ede8820e-5abd-11ed-9b6a-0242ac120002,kareem-kasanova.c44facc37d78fc44b82024e4e362a36a392dd8219be8d02e45deed68438f468d.csv
253,mayor-of-uyo,mayor of uyo,Essien is a top Lagos businessman who hails from Uyo,male,accessories: cap,ede883c6-5abd-11ed-9b6a-0242ac120002,mayor-of-uyo.e18ee421a5ecbaf59e374a7405f961ac0a215606e8660b38bddda78792c26b47.csv
254,chinedu-china,chinedu china,An Nnewi blooded spareparts importer and exporter with goods from china,male,accessories: cap,ede885f6-5abd-11ed-9b6a-0242ac120002,chinedu-china.1a6a24a5478c153931fa3c745ed417fbcf5bcd082b111326796712cb0e3554c8.csv
255,papa-ekene,papa ekene,The oldest man of the Akwauzu clan,male,accessories: cap,ede88808-5abd-11ed-9b6a-0242ac120002,papa-ekene.cb358a0a0ccfbfc01546830d90dc69e4c8240cd93a487a6a7d3667b55e14833c.csv
256,ogbeni-rauf,ogbeni rauf,Minister of enjoyment for Freedom state,male,"teeth: gold, accessories: cap",ede889fc-5abd-11ed-9b6a-0242ac120002,ogbeni-rauf.d0454939f54f086fa102be811f05a3eaafe864aa0a542bcbdd4f8f4b36e1465c.csv
257,koffi-banku,koffi banku,E be Charlie wey no dey use en stomach play,male,,ede88c2c-5abd-11ed-9b6a-0242ac120002,koffi-banku.5dcb471c6095ff97b64a58b84d2eb085771f51aed8c6505b9e0ee1f04347d8d9.csv
258,alhaji-bello,alhaji bello,Rich hausa business mongul controlling half of cow production in Nigeria,male,teeth: gold accessories: cap,ede88efc-5abd-11ed-9b6a-0242ac120002,alhaji-bello.c37d5ca0ece6d8eaf8ecaefca3bc5d724d2eb9fdfa8d3954d731d1637a0b7fab.csv
259,toju-mafejopami,toju mafejopami,Toju is a street hustler wey no like stress,male,"teeth: gold, accessories: cap",ede895d2-5abd-11ed-9b6a-0242ac120002,toju-mafejopami.ff3e45bec52c379b5ca560770d24239a1e5b0f678116b084356c89711d6ce6da.csv
260,femi-maserati,femi maserati,"Rich kid who resides in lekki, known by everybody because he drives a Maserati",male,accessories: cap,ede89802-5abd-11ed-9b6a-0242ac120002,femi-maserati.decfea18b66373ea7771b0293bd0f09d65ecf1443a4f8dbac3433dcd4d6bd31f.csv
261,Paul-the-comedian,Paul the comedian,Paul trying hard to make everyone laugh so hard and fall off the chair,Male,"hair:bald, strengths: calculative, weakness: public speaking",f8112915-64ca-41e5-9ca4-5b60c47d7a01,Paul-the-comedian.228f202cbed25ba79d05c246e2b70f684e52d8d4d81b9f3bd5ab20c008fccb24.csv
262,Amina-lagos-housewife,Amina lagos housewife,Amina is always showing the rich housewife vibes,Female,"Cap, Eye glasses, face mask, none",5612f542-d85e-4a2c-8661-20553dfd07bf,Amina-lagos-housewife.4a3905aff1364651ddcd3e9d2778e629ec60582378e08370afc864a7b6b846c0.csv
263,Kiekie-the-asoebibella,Kiekie the asoebibella,Kiekie is classfied as the life of the party,Female,,097014d5-0ef3-46f5-9a9b-5c01f70114b3,Kiekie-the-asoebibella.8959187982a151dd71a72954f6c8cdd23d8f68f2b280c689fa206f43b120633c.csv
264,Kunle-the-hunter,Kunle the hunter,Kunle goes for the best and hits all his targets at bull's eye,Male,,b0310fc2-4bed-48e5-abfc-566c964786d7,Kunle-the-hunter.2a5bd7a485c87077af8248c3312bea1e9fb3689ac00c87bb77588ebfdf190d70.csv
265,Amara-the-hairstylist,Amara the hairstylist,Amara is truly your one stop shop for all your hair & beauty needs.,Female,,412345b9-7e04-4102-af7c-5458721ac64d,Amara-the-hairstylist.735b6cd7226b6add6300434f3ddd67edc6ae9c06e002ef6aebd5f4ce718ab28c.csv
266,Mary-nail-technician,Mary nail technician,Mary makes magic with her press-on nails,Female,,17ea9c3b-c90f-4023-84d6-d563c098b030,Mary-nail-technician.ab462c6f708c44b7203b8e15203e89ba9101483c752132aae230122f9f4df9e8.csv
267,Odogwu-oil-contractor,Odogwu oil contractor,"From Malaysia to Kaduna, Odogwu's oil is known.",Male,,b503bbfb-f972-4d4a-9352-e9dfe6671d36,Odogwu-oil-contractor.4760cf48d6ead9b66d3e2985ca01ff7ab3f700fda38b9379aa5bb5ec6731be0f.csv
268,Simisola-the-kenteprincess,Simisola the kenteprincess,Simisola rocks kente even in swim outfits,Female,,45843017-b421-4413-8e35-7a6ef073f2b9,Simisola-the-kenteprincess.4e10d82ef9daba96c4236702406bccd4aeab2c80e52feb5501bf381941392293.csv
269,Mariam-beauty-queen,Mariam beauty queen,Beauty is a fairy tale where Mariam appears.,Female,,b7d96d97-84c2-485f-b60e-e4e86c4d3b34,Mariam-beauty-queen.081c53150689cf22756bde8df3d15d4d0f41385cd9459ef36b1b29e97eea58ed.csv
270,Obinna-the-musician,Obinna the musician,Obinna might never be an a-list artist,Male,,afdb0299-327c-46b2-9262-faf90f0fcd12,Obinna-the-musician.c9971541be11c92bb61938826f9ca8a91b6d39495aa91d0940fa95d5b64cdd5a.csv
271,Sandra-the-shybaby,Sandra the shybaby,Sandra is too shy at parties,Female,,bfed40a8-74f7-4ada-ae18-975130247efa,Sandra-the-shybaby.42304157d442c4a4d6ba0e809791a0ac24fdb826703618f2dc8ed74c8db62e02.csv
272,Chiamaka-the-dancer,Chiamaka the dancer,Chiamaka dances so well and earned the Guinness world record.,Female,,43c49497-8d7b-42ef-bb29-769f6c3b0ada,Chiamaka-the-dancer.a7aecf40905b5aa4720405e15b78fecd356174b523a026391e568d2307a96902.csv
273,Mensah-fashion-icon,Mensah fashion icon,Mensah outfits are always giving us Christopher Hemsworth vibes.,Male,,87ada09b-38ac-475c-8d46-18680c2dc795,Mensah-fashion-icon.957d348e8b153b95cd941b4821d3afea95b16e1b048fafd0f807acabea47659b.csv
274,Lucy-the-fumigator,Lucy the fumigator,Lucy is nicknamed the pest hilter,Female,,c7269d44-aab3-41e7-a54f-18a14f575a6b,Lucy-the-fumigator.c0c28a18e7407c99429eacd116ccc139b87394b5fd2e00323afb8544e07ddeac.csv
275,Nneka-wedding-planner,Nneka wedding planner,Nneka plans the best weddings with great details.,Female,,31ac6b7a-e378-4dc3-999d-b9e8d8473f99,Nneka-wedding-planner.195aa4e036057511d463a7a29dbdde764818de02bcb0ea3043eedb14048eb12c.csv
276,Shakira-the-gangster,Shakira the gangster,Shakira is the most feared criminal.,Female,,dbdc1351-aa07-46e2-935f-2db071b1b23d,Shakira-the-gangster.1c057ebf3ad146c8c17a1b9d14676c414da3efb16511ea844d011ac116fb0ba3.csv
277,Lola-afropopping-princess,Lola afropopping princess,Lola licks lollipops like an afropop queen,Female,,2f5cadae-e423-4478-8220-37b3ac144169,Lola-afropopping-princess.20ead65b1168bd27f490db4d9e5fb4302d62da0dea7ca8e23b1a5a1f8fb6f3fe.csv
278,Sharon-walking-dead,Sharon walking dead,When tired Sharon walks like the dead,Female,,1fc37341-7dd1-480c-a01b-a63bee0a2230,Sharon-walking-dead.eb7ef13e2f9e9e95b1084ec34fb7b1e6fbac0d263d2ab6edf53bdcc8f927db97.csv
279,Olivia-great-teacher,Olivia great teacher,Students enjoys Olivia's classes,Female,,cfc4419e-bd46-40f6-9654-632ac1138ff1,Olivia-great-teacher.c756819fc69c4bbbe3442e6407de4907ab360471659db45f643551eb3b2c35a1.csv
280,Nicole-sleep-warrior,Nicole sleep warrior,"Nicole holds the sleep award in our community, she wouldn't wake up at the sound of a detonated nuclear bomb.",Female,,710ae821-4603-4124-bd60-a33b515b3b8d,Nicole-sleep-warrior.bb278e7b258e1e1b5cbe2ac01141e9543d91ca1e1a4a1fcb10ec91b93ca9eb29.csv
281,Busola-the-shakara,Busola the shakara,She is a fashion icon that loves luxurious items.,Female,,ec4a855a-5ceb-4f1b-bbd7-a995aa45e875,Busola-the-shakara.f3a89741df2e2ba94d5be7ce782e4960086a27a26193906b33c6962c5576d2ea.csv
282,Bella-the-artist,Bella the artist,A lady that host a fashion week show,Female,,48772412-dacb-4984-9e82-8d24fe101265,Bella-the-artist.c78ee28270d219e6cfa97507241d03db88f54a7e51735e08b320cda901d6d3bb.csv
283,Queen-the-extrovert,Queen the extrovert,A woman who enjoys being high all the time,Female,,1712532a-20d9-4ccb-8582-bffd76c9fb67,Queen-the-extrovert.82a5a418a8ddbc0e85714d1f483e267797d14e1f93197cbfa6eeedc791e8a47c.csv
284,Mary-toxic-lady,Mary toxic lady,A lady who's toxic around people,Female,,bc31af8d-c45d-4797-adfc-596fb22e4e3a,Mary-toxic-lady.8176146da14c2e3bf11d56bbcbcddf6a1a7f8dfedc6c0c1629b406eb39606160.csv
285,Elizabeth-the-richkid,Elizabeth the richkid,A university undergraduate from a rich background,Male,,21fad782-1b6f-4c2d-b157-9fdb9355c876,Elizabeth-the-richkid.c6175648e2ec9db33fec846556edfad19ffbc4b692bdc3bc8b957a2aefb5291d.csv
286,Larry-the-westerner,Larry the westerner,A Yoruba Man who smokes his pipe in peace,Male,,d4984fa6-dabf-409f-839f-76742ec71500,Larry-the-westerner.8b53b7bd9f95ece7ad993daa6b2b993510fbc436390b47d8589ba677525a8e66.csv
287,Danjuma-the-shocked,Danjuma the shocked,A pensioneer who got told his bank is on distress,Male,,0187ca7f-f3b1-42ae-9e17-c46d58617608,Danjuma-the-shocked.326a01194289d407ec832fb1d833a5a0b4e4b81d7baad05a837f2521e68b0779.csv
288,Yomi-the-fashionista,Yomi the fashionista,Winner of the Lagos GT Bank fashion week.,Male,,16d256ba-dc4e-4559-ae41-59779f351ad3,Yomi-the-fashionista.77a089b76e1e0c8cb603f8d4631db80cc421594c58d23846c0eb75eecc38fc2e.csv
289,Ibu-the-importer,Ibu the importer,A rich igbo trader who imports goods in onitsha market,Male,,d3edc876-3f2f-4699-a376-0787bb06c5d5,Ibu-the-importer.c14aa06c41fdf21d9637eddb621932906ff895947485fd47588dff2765ebca30.csv
290,Massa-the-ghanian,Massa the ghanian,A rich Ghanian trader.,Male,,9a9a5fbd-7a3c-469c-95f2-50303c2e9fc8,Massa-the-ghanian.f6fbd20e8d1f369794fdcbb7adc568c7a0a849429e5564479129eb5a5618ffa0.csv
291,James-the-musician,James the musician,A yoruba juju artist,Male,,0d4ad447-3836-47cd-8387-066b200cda01,James-the-musician.bc9898d322d4e35141a070bbd61eca1ff0f5b25a007150a4791fce16c170f9a4.csv
292,Gbenga-titled-man,Gbenga titled man,A yoruba chief who is also a car dealer,Male,,dc6c1a39-ec78-44ca-8296-68c6de7b5de4,Gbenga-titled-man.19d503d472b16fe4ce98acf7de97a4c9c41a7db155b947c03e369fc9203f7f30.csv
293,Abaga-the-rapper,Abaga the rapper,A flashy millionaire and a music rapper,Male,,c428411c-5a06-4b74-bd17-e53b76f9fc6c,Abaga-the-rapper.312cb13c01959f0f82f3180226c2686c4492151086db46d2178793a6b3990ea6.csv
294,Izuchukwu-the-fisherman,Izuchukwu the fisherman,A fisherman who knows how to paddle well,Male,,15e1caf2-06b3-45d8-9b35-f95965b64e34,Izuchukwu-the-fisherman.f73875a435f77fd934898ea984f338b7e830d32e0f0538138d787512928b296c.csv
295,Mark-the-philanthropist,Mark the philanthropist,A London based philantropist.,Male,,b48cbd98-96c2-4ec4-9d17-2c798be5b90f,Mark-the-philanthropist.ecfc0bda30f6a9821a9e8941de4270b4d9d85a9a55c8675d380c5a786599b670.csv
296,Desmond-the-politician,Desmond the politician,A young politician who just became a minister,Male,,c52d4fbb-622b-4e2b-85a9-1a1d0f3d97d6,Desmond-the-politician.2f76c801a7a0cba844b50a74a118a8b1cf29903c32997b12faf92dabe6cfac8d.csv
297,Okoro-the-bachelor,Okoro the bachelor,A local palm wine tapper with hopes and dreams,Male,,e441439d-49a3-41eb-bf9d-3c7f98c268bf,Okoro-the-bachelor.8ad1c95492a7f688431891be97d483463e5e0c583308641b22f198d304a85cce.csv
298,Saro-the-clothemaker,Saro the clothemaker,The yoruba man that stole the king's wife.,Male,,7e10af4e-1252-4f96-83a8-78411e152bae,Saro-the-clothemaker.2f64bc8052d6ba59274a6640931ebaf6d73b98c489b53f76eb6bbde28f9d788b.csv
299,Kalu-the-ichie,Kalu the ichie,A man of wealth with afluence spreading all over the east,Male,,482ab247-73a4-4ff8-9172-732f3d0729b8,Kalu-the-ichie.12153a0e6869ccbcac903747c73a66a381887c379cda634552326fc2053ed4ca.csv
300,Tamuno-the-prince,Tamuno the prince,An Ijaw prince who is also the heir to the throne,Male,,108447d1-f2d5-4816-8ebb-599286c3fabf,Tamuno-the-prince.da39950c189786ec61d85e61114d4db054285c968956648c0b5211a73cbe0949.csv
301,wendy-the -banker,wendy the  banker,"Wendy loves working in the bank, as she gets to meet different people.",Female,,587645e2-5ace-11ed-9b6a-0242ac120002,wendy-the -banker.4db0a1d586dd8ddc698d8dae8ce08a3b11a008036e4d2fe132d86ce75c7cf7b1.csv
302,uduak-the -dark horse,uduak the dark horse,Uduak looks innocent and has the whole apartment bugged,Female,,58764862-5ace-11ed-9b6a-0242ac120002,uduak-the -dark horse.ed994c1c3490c524eb237700bb1ffbfe4f3f90a955b6a7b9160b9878d221d106.csv
303,timeyin-the -eccentic,timeyin the eccentic,Timeyin is as eccentric as they come with no care for others opinions,Female,,58764a2e-5ace-11ed-9b6a-0242ac120002,timeyin-the -eccentic.004b0b8482d340553f1dff573a885036df5fd34cc9797393aa2b03fb656e6e00.csv
304,omawunmi-the -businesswoman,omawunmi the businesswoman,Omawunmi is a no-nonsense woman with a shop in idumota,Female,,58764b78-5ace-11ed-9b6a-0242ac120002,omawunmi-the -businesswoman.5517b5e69d82d74bc4a416b83324fce47c994e056be7e4eb8918105efa42be8c.csv
305,halima-the-housewife,halima the housewife,Halima loves to bake and cook for her children,Female,,58764d8a-5ace-11ed-9b6a-0242ac120002,halima-the-housewife.36e8599ec5e69caeafc6f9eb1b032fa776b799ba53b4d8be4a4873b8c6bc697f.csv
306,muna-the -block sister,muna the block sister,Muna loves to tell everyone in the block about her younger escapades,Female,,58764ea2-5ace-11ed-9b6a-0242ac120002,muna-the -block sister.a04b9d0147dfcfe3c7fae875931081b5900fbdf8665944a07a4f13ad0649b2df.csv
307,stella-the -gossip,stella the gossip,Nobody gossips on the block like stella when smoking.,Female,,58764fd8-5ace-11ed-9b6a-0242ac120002,stella-the -gossip.d52ec91a20b5220f4c36611504720ed98c864848ab1a0c7263ad566b57d1f033.csv
308,agbani-the-wannabe,agbani the wannabe,Agbani loves to shop antique ndecorations for her mansion in idi-iroko,Female,,5876542e-5ace-11ed-9b6a-0242ac120002,agbani-the-wannabe.39d0ea07474c952c656c5a80f43f8a4dbd5ac28b6170fdd64d28ceb9c46c7989.csv
309,asante-the -warrior,asante the warrior,Asante came from along line of warriors in Ghana,Female,,58765578-5ace-11ed-9b6a-0242ac120002,asante-the -warrior.b297915022add3b7c451b4fec515816afe5aa8c2706b69960b7913ef36f25246.csv
310,hilda-the -insomaniac,hilda the insomaniac,Hilda prefers to sleep during the day,Female,,5876569a-5ace-11ed-9b6a-0242ac120002,hilda-the -insomaniac.56468b699de7abaa7da03a5974200af7e4e8ac2ff84024c2237d20127e2d1998.csv
311,sisi yemi-the -street aunty,sisi yemi the street aunty,Sisi Yemi is everyone's favourite street aunty.,Female,,587657a8-5ace-11ed-9b6a-0242ac120002,sisi yemi-the -street aunty.60fd22a800da3c0c3caa023a1b4eeb00a7a7c8a94d0c850965b7675df1b06c4d.csv
312,chiamaka-the -bully,chiamaka the bully,Chiamaka hates people in her business and likes to scare the kids on the block,Female,,587658ca-5ace-11ed-9b6a-0242ac120002,chiamaka-the -bully.21bde8a391feaf0664a82c1f2ecaf20128e2c28dc5ea3cc2abb352b400aac611.csv
313,gift-the-fashionista,gift the fashionista,Gift has always been bold and that spreads to her fashion sense too.,Female,,58765adc-5ace-11ed-9b6a-0242ac120002,gift-the-fashionista.da83495be9f20761ec4f49bdcfddf9b1bb1be734861f271ea7134e9d162482c2.csv
314,omoyene-the-weirdo,omoyene the weirdo,Omoyene likes to murmur to herself and talks about seeing ghosts,Female,,58765bea-5ace-11ed-9b6a-0242ac120002,omoyene-the-weirdo.a5911850887020adb69c3923bad31941486c3a307f5cc4449ac438704974a88e.csv
315,maria-the -freshface,maria the freshface,Maria likes to believe the world is sunshine and rainbows while blowing gum,Female,,58765d02-5ace-11ed-9b6a-0242ac120002,maria-the -freshface.77e24838dd560fc3ba3f7709c76130beff7ef626d10683672e662c20f49dc340.csv
316,monica-the -smoker,monica the smoker,Monica is never found without a pipe and loves to interject in every conversation,Female,,58765e24-5ace-11ed-9b6a-0242ac120002,monica-the -smoker.9cf1a583e8d6a3fcab0311ce905c91672a13ec4d85766426a25d2d70b5a5eb95.csv
317,,,,,,,nan.84937b571974397456b420c617ab07e0fefe4b870cbc09ecf9403851367738ac.csv
318,,,,,,,nan.70b8a28bdb7ba910bfd8b8edbad054596ae5aa4c8f1cde483d04f4efd7977ce9.csv
319,,,,,,,nan.d43a6bc03b7e1e01ae3026fd34f73e924450e81c2b6950a018ba2a9c5efb3c58.csv
320,,,,,,,nan.94f8ed5438e6d1591d7653d85b3d93ef95a9b1f2b849aa6f51515a7e23731c23.csv
321,Omunyinyi-the-stoic,omunyinyi the stoic,omunyinyi wears a Kitenge coat,male,,c2d6a3ac-1d4d-4268-ba7f-4f0f8f50c1ab,Omunyinyi-the-stoic.d2aee3c4dfc4b7ace1f0baa9e8b825960fd7639b6d695a592b34d26b4a3e8127.csv
322,Kamau-the-sleeper,kamau the sleeper,closed eyes meditating,male,,20330f5c-40c2-4f6a-b9d8-d1d04fb97daf,Kamau-the-sleeper.8e7aa6f94521f770184f88985b8b97f89a13511227c2b0bd7e3e10507824280e.csv
323,Mutiso-the-lastborn,mutiso the lastborn,masked up mutiso dozing off,male,,0706c338-42eb-4d26-84ea-c24b39628200,Mutiso-the-lastborn.f144e6226537a3da26a5b21a751ec9fb67f479d8e7edefceb738df57cf3c995e.csv
324,Omondi-the-vegeterian,omondi the vegeterian,omondi wears a green coat,male,,bfb5e8d5-d7a7-4aa8-85e8-d7d9afd4adb3,Omondi-the-vegeterian.fbaf1b21f21ca7cfec631db1cfdfdbf524ed01bbb9e617da01b72e3cdccdaac0.csv
325,Barasa-the-optimist,barasa the optimist,looks up to the sky and makes a wish,male,,2da4bef4-38cc-4414-99ad-7361fac04b2b,Barasa-the-optimist.b554f6ff0effa6df0d3065d49e4e74ad2da1cea937bd09369d44f5a6bd0f6b21.csv
326,Mwembu-the-elder,mwembu the elder,"old but not so old, with yellow his favorite color",male,,36181230-6ac9-417f-af5c-23bdd2c25ecb,Mwembu-the-elder.e5ae157c68a89343d78b0577072ad9352411cf4eaaab337e590e0bf0d580e7a4.csv
327,Mbogi-the-fighter,mbogi the fighter,masked up mbogi after capture,male,,3a7bc3c4-1463-42ce-84c9-07337da64435,Mbogi-the-fighter.77d48655d56a38bdac39a029fa1d13cb3ecadf768dab3e99c973929fe2c4e497.csv
328,Mrosho-the-runner,mrosho the runner,masked up mrosho,male,,b2ca2c76-3b6d-43f1-8cc9-089b6ab83876,Mrosho-the-runner.101d7c36cbb9c48239e9a18b1ae246457116b7f0e7225aade2169b3702c42b75.csv
329,Milele-the-african,milele the african,milele with a nice african print in orange,male,,644b0259-d75c-456d-934c-ce7c052bad3a,Milele-the-african.69a46793db0bdfc3c88e366f97531cac452f88b4c853ed5e590d43e1f7c3a3b7.csv
330,Olebon-the-oloibon,olebon the oloibon,olebon in customized buba sokoto,male,,de261efe-731d-461e-b2e4-42edd2f48f72,Olebon-the-oloibon.93ea9b1b08a94e3470b771807e012010920027a7667fe664d1a411e82234eff1.csv
331,Chifu-the-maasai,chifu the maasai,clothing inspired by maasai shuka,male,,239933c4-7177-4b5b-86e8-e6f952301344,Chifu-the-maasai.0ed2841f80f483dfdc6f3152c3b6a19c67e0bbbac0fbfb04861d270723282f90.csv
332,Mwangaa-the-voice,mwangaa the voice,mwangaa the chief,male,,49179b62-812d-4d0f-b518-4af7fa79f8bc,Mwangaa-the-voice.59a25d0322b44236320b92347859ab3475d6b5d71ae9cb36f859e8550fa3118c.csv
333,Waforte-the-first,waforte the first,masked up man who does sleep a lot,male,,871912a8-d96e-4594-b7b3-450d94ee6924,Waforte-the-first.11e148b1fd362849094b0b1a7e088a65a8a8b0bf206e74cbc644ad0731360a8a.csv
334,Kariuki-the-prayerful-one,kariuki the prayerful one,kariuki closes his eyes,male,,6a5b6fa6-0f91-4b01-957f-c766945eb704,Kariuki-the-prayerful-one.049dba16c7d4559572bec6a1ef232a6598f1ee69a16eb9e0cde3593167f7283d.csv
335,Kenyanese-the-priest,kenyanese the priest,masked up man with with white cloth,male,,0706c338-42eb-4d26-84ea-c24b39628200,Kenyanese-the-priest.80b51c2585f1154f9af9945bfa7bb3e57735bbc256269b677c917604623f408b.csv
336,Nyimbo-the-singer,nyimbo the singer,glasses and a pot for the night,female,,d05af807-b3e9-4ad3-8df1-b7864d2daa33,Nyimbo-the-singer.15251dd907aabef60cc60303f4062d88cb732cc397ba86453b717468fdbc284e.csv
337,maathai-the-nobel-winner,maathai the nobel winner,mathaai the warrior,female,,0871cb8c-8d56-445d-92c7-01793f327707,maathai-the-nobel-winner.be7f0cde768389a4e1709d938c6c082538a7eb0b0d36214c20412107b4e6168d.csv
338,Tish-the-angry-one,tish the angry one,angry tish with specs on,female,,750a89dc-44ff-43bf-8211-b7776f1b5e52,Tish-the-angry-one.b40d26e59b032742b4967ae21a678121d65993b1b15cb953bc4e176b4340a331.csv
339,Wamenza-the-winner,wamenza the winner,wamenza the leader,female,,7348c9ed-4ac9-4785-9434-0a1f0dcaf8d8,Wamenza-the-winner.a9055936ae6686b6be372725bd0ddee1e443511ef244a6ad99ace5ab7e6282dd.csv
340,Isaya-the-track-king,isaya the track king,isaya the traveller,male,,41781a16-d2b8-4fc6-a1f4-b9fffc5c95ba,Isaya-the-track-king.2c34e645c77c0c1f78518557b3dd7746dd356229565e8a22f0c208adba03a678.csv
341,mansur-the-partyrider,mansur the partyrider,Mansur is the life of a party and never caught dulling.,male,,78db0f29-3936-4d9c-bb90-3dbf20dba2dd,mansur-the-partyrider.236445f0969670b1f20fc2c5d48a7e05661033306675db151ce2d4f4304956cd.csv
342,tola-the-businessman,tola the businessman,Tola loves business and owns several shops in idumota,female,,1c5d5a6b-cf04-4bf9-978e-22a7e9bc5819,tola-the-businessman.000f42cd37ffe1f9007f63d2e58fb67e70306daded271a85390c02a2c75a5c9c.csv
343,abdullahi-the-honorable,abdullahi the honorable,"Popularly called ""buje budanu"" a godfather who lavishes money on young thugs",male,,dd708276-445f-4483-8357-fc08e999328f,abdullahi-the-honorable.77b155dd7bca5195ffdc30667cd090c1b7057acc6e5bd11caf3a69418230f34e.csv
344,ojukwu-the-badguy,ojukwu the badguy,Ojukwu likes to oppress and cause trouble,male,,76c1eabf-15ea-446a-8426-472982c4d800,ojukwu-the-badguy.6c9d7081c7d2636da9ec5206752c65c132ccefe46a163c6fc391c6e27e9db7e7.csv
345,odunsi-the-egbonadugbo,odunsi the egbonadugbo,Odunsi loves to advise and people in the community rely on him,male,,2912ab8b-5875-4277-a5c2-a0209aee90ae,odunsi-the-egbonadugbo.3751bfe874a2ed24400c7ae2b76903b3dfb513236153675c64c5a9bb4dd3f45e.csv
346,ogogo-the-sugardaddy,ogogo the sugardaddy,A rich oil magnate who loves to 'solve' young women's problems with his millions,male,,aa575f30-04ad-45f9-a798-199465117793,ogogo-the-sugardaddy.6d3aeaa2b6307468140929d26c3680b4e4bcd2a8e485835d6aa74e55bc59fa75.csv
347,suli-the-amalaseller,suli the amalaseller,"Suli sells amala , she is very rude, and they say thats the secret to her sweet food",female,,46fd4821-04dd-4f65-9290-c130a00c4c93,suli-the-amalaseller.148f3e76cd9a8d1fd1caee1652a2326d41622820f11cd70664ea00af8846f5d9.csv
348,dolapo-the-afrocentric,dolapo the afrocentric,Dolapo loves african prints and loves to showcase culture,female,,cbab232b-5c62-4df8-867b-018a2e496cd4,dolapo-the-afrocentric.b421c8c7aa96407f41f680ef1b3011cf7c0ed114f3a97cdc7346ed8f6de24491.csv
349,danjuma-the-saddist,danjuma-the-saddist,Danjuma is a grumpy man no one likes to associate with him,male,,5a42af57-186e-425b-b6b1-f72bda4911ef,danjuma-the-saddist.47fa4655114bb19fe5ab9fbf605542141ab0755ba885438e9681185b3adb4d8b.csv
350,chinedu-the-farmer,chinedu the farmer,An hardworking farmer who has 6 boys who help out on the farm,male,,9e8a55d7-0d8d-465d-a628-08ddd387a2c6,chinedu-the-farmer.cb712c135cceee831b51c7bf672a70ca8914a510b60b07e30a102f405d2b0884.csv
351,kola-the-baldguy,kola the baldguy,kola girls fall for his bald head and always barb it,male,,c32f1757-da9c-49e8-bd79-510a42b6971a,kola-the-baldguy.39ccd2a057dcabf0a15dadb763cfd30b352de49f82edb7c58dfcdc31848a20b6.csv
352,bola-the-bosslady,bola the bosslady,Bola commands boys and chill with men,female,,09ff910d-a2be-49d5-8b27-b9378458701c,bola-the-bosslady.47ab86a194566e59d746693d776c105b3c2a10925f36fb672661c8d064bdadfc.csv
353,kunle-the-alienguy,kunle the alienguy,People feared kunle because of his alien's colour,male,,dea2f5d8-e3ba-4d3f-9a17-0a7edfd0c100,kunle-the-alienguy.76523b1a52e5d7c3b0658288b8e2c1ee551d82d66957178e34fabb54806f545b.csv
354,segun-the-sharp,segun the sharp,Segun drives with caution and people love him for that,male,,f9159a9c-f48d-4aee-bcc1-63c86209f806,segun-the-sharp.7895942035d145cd2fc47716b73b49eefe06c793542e1bbc24b0047ecad35228.csv
355,ola-the-hardguy,ola the hardguy,Ola is feared by many and he leveraged on that,male,,a814fc77-bdfa-4e50-8ba8-3e4e4bcfb3c0,ola-the-hardguy.fe1033ddae106b1d9c74f323298c826288b2ba0258d91ddf86b4a4cbb364ce3e.csv
356,emeka-the-chief,emeka the chief,Crowd are always at Emeka's house and people respect him,male,,195e89c8-0b6f-43ad-9a2c-d20f03439e96,emeka-the-chief.5aa1a3e56194a34211fec71c9de3fd1162c2bb50c215b900c72f8fec91d53166.csv
357,ugochukwu-the-celeb,ugochukwu the celeb,Ugochukwu has many followers on social media,male,,74775cda-cff4-4d21-8819-693127598eca,ugochukwu-the-celeb.966da982f8878191fec731d95f3e96a20f1206c5ebe2d0c2ac5d6a1c8fb90be6.csv
358,adekunle-the-yorubademon,adekunle the yoruba demon,A womans' man with no devotion to any of them,male,,5c98c2d8-3144-4e08-8a0f-9b8d7e4f5aa7,adekunle-the-yorubademon.eb098642ff5b781407620fae27e2cb18c8d8052d502d0dc709d489c755b5e938.csv
359,favour-the-fashionista,favour the fashionista,Combining dresses is not a problem for Favour,female,,19fc15c3-80fe-4d45-a2fe-be8f087d57c4,favour-the-fashionista.65a44543ff03c0cce21d76eaec69b16b65c1694a3408f1eeed99008803753ae9.csv
360,jane-the-slayqueen,jane the slayqueen,Jane is always found in the midst of men and loves partying,female,,74775cda-cff4-4d21-8819-693127598eca,jane-the-slayqueen.4af8bcbfaf67e3012d876882d93480898fe6800007571ecf012be54d77aa7ab4.csv
361,osas-the-ceo,osas the ceo,"Meet Osas, a Gen-Z CEO with the British accent.",Female,"Hair: purple dreadlocks, Accessory: gold glasses",b10f7e42-4778-49db-820b-dabbad75504a,osas-the-ceo.83ecf8e2ea08c4238319b29cf4b9e08647fd145d09efbc9581c24047e0c1648c.csv
362,nneka-the-rainbow babe,nneka the rainbow babe,"Nneka, the happy rainbow babe with the vibes",Female,"Hair: pink, Accessory: Pink",e7e20ab8-03e0-4e0a-80aa-6e193f84426e,nneka-the-rainbow babe.be2881634a611ad71a596b005373f082314b4a74758d62db52fdc4b9c3fdf25e.csv
363,temitope-the-spoilt girl,temitope the spoilt girl,"Temitope, our favourite Daddy's girl.",Female,"Teeth: vampire teeth, accessory: gold glasses",10cbcbcb-754e-4175-b85d-d0c7eafa16a2,temitope-the-spoilt girl.b815e344ef2cf55498b85dc6940ad49c138c6f8d8a7ef4d95c0ce61683123883.csv
364,bekeh-the-party animal,bekeh the party animal,"Baby Bekeh, Life of the party that goes home with your charger.",Female,"Hair: dark brown, Accessory: gold glasses",f0558235-3043-46e5-b26c-5bde83cc67fb,bekeh-the-party animal.7de199b8df55da6d262bfac4bc6797724ab99d88781420e99bbd16e20b6124e3.csv
365,nana-the-tech lady,nana the tech lady,"Nana, the tech madam that doubles as Kumasi Adele in her bathroom every morning.",Female,"Accessory: gold glasses, beret, Hair: black",e0858913-7050-4c4a-a2a0-442a88463334,nana-the-tech lady.21ddfaeb005d83056d7258e440d3b1b9b6331b8cbf525406b96265e93f47e692.csv
366,rofiat-the-marketer,rofiat the marketer,"Rofiat, the distressed marketing intern.",Female,"Eyes: Brown, Hair: Purple dreadlocks",1e4d9bda-f6f9-4e7a-9381-bee4b074b56d,rofiat-the-marketer.ad261c8077ceb01fd1bcd8a06f5f624971bac9760c46a82fb940bc96670d38f6.csv
367,zarifa-the-righteous,zarifa the righteous,"Meet Zarifa, a proper baddie for Christ.",Female,Eyes: Blue Hair: Pink,c6955d16-c343-46bc-9bed-c069ea8cc65a,zarifa-the-righteous.2daa0db06e002705aaba6bb36f4a0a850f6643f7da595c939ac8c3e5ea162b0f.csv
368,modinat-the-troublesome,modinat the troublesome,"Modinat, The queen of Gbas Gbos.",Female,"Teeth: vampire teeth, Accessory: brown glasses, Hair: long maroon hair",49eb44e8-1117-463b-b7b3-1bcea4258362,modinat-the-troublesome.e087201f504d0c46f67ee0e26dc0c0e421f48997972d6aaeac55d15d67837172.csv
369,amaka-our-mummy-g.o,amaka our mummy g.o,"Here's Amaka, our one and only mummy G.O who's been to hell and back.",Female,"Eyes: blue, Hair: dark brown",853edc40-0f9d-40c5-ba78-46067dfd7f68,amaka-our-mummy-g.o.543f096f0a660d99ffb1785cb38b6d7ca2ec3bc5a2907041a908599fa7756cad.csv
370,mawusi-the-patient,mawusi the patient,"Meet Mawusi, the sweet sister waiting for her Canadian bobo.",Female,"Eyes: Blue, Accessory: beret, Hair: Black",ca9ddc30-141a-493d-851b-71d34f599641,mawusi-the-patient.57e831427cba24212da29b4cc83b741d476a4977b96c80a22341b5ae8e76818f.csv
371,nesta-the-difficult,nesta the difficult,"Meet Nesta,the National Chairlady, Shege Administrators of Nigeria. (SAN)",Female,"Hair: double puffy hair, Accessory: hair bands, Eyes: brown",fc3b7ca7-efdb-45b2-b7c9-e69107484a43,nesta-the-difficult.09e08a792c3fe07bde549beff7a196ad9e717bf9f9a0d715ce3a84c9b641385b.csv
372,adaora-the-choir mistress,adaora the choir mistress,"Adaora, our able choir mistress that will take your boyfriend for vanishing.",Female,"Accessory: choker necklace, Eyes: brown, Hair: black",df944505-da1a-424e-88aa-b9d365bd2775,adaora-the-choir mistress.1f46608f532ce2e5fdc8208511cc994eb6ba8c9b0ba2b9746a3334ab3f535b14.csv
373,busayo-the-husband snatcher,busayo the husband snatcher,"Miss Busayo, Can transplant your husband with the blink of her eyes",Female,"Eyes: brown, Hair: brown",73c8d935-4a71-41d2-a1de-066ae8d548e6,busayo-the-husband snatcher.1ebd156f359069ba8080a167a739957159b9cb790f028bff879282ed6402890a.csv
374,wangari-the-waitress,wangari the waitress,"Wangari, the aspiring musician that doubles as a waitress.",Female,"Accessory: Purple earrings, eyes: brown eyes, hair: purple dreadlocks",4bd7a15b-cc66-4e2d-8fdb-d550f2dd645c,wangari-the-waitress.2b7b5c6824f321cbdde063c064bf92f24c955a69fa370125148a62f2455877b0.csv
375,charlene-the-shy lady,charlene the shy lady,"Meet Charlene, the shy sweetheart next door.",Female,"Hair: brown afro, Eyes: brown",36539b84-ada0-43cb-92d4-30596e07a39a,charlene-the-shy lady.941666b6a66e4b12c0e551850e9c61949317a1cd2763d603153c82d14035e2ea.csv
376,addae-the-unretired,addae the unretired,"Mummy Addae, the hot grandma that has refused to retire.",Female,"Accessory: choker necklace, Eyes: brown, Hair: brown",ced7b53c-73de-4fc7-a652-2b17ebfe68c9,addae-the-unretired.76dfbe5452d28343bdbb9a420c1be6b35aa7fce6288146a5237f5128d5ec4386.csv
377,abena-the-slay queen,abena the slay queen,"Abena, the gang's slay queen",Female,"Eyes: squinting, Hair: long brown braids",1e4728e1-3e45-4972-9755-4a38e784ff91,abena-the-slay queen.785b5b744c9fd4b45d4829c60a98d7019201f96327173843186642375c65572f.csv
378,gasira-the-violence mama,gasira the violence mama,"Sister Gasira, wipes people Oraimo cord for a living.",Female,"Teeth: vampire teeth, Hair: brown bun",ea72337f-658f-4198-9ad6-39bc6212c20d,gasira-the-violence mama.521f9590aeb89da2c55bf41b5d22b1f04cca0d3dd86ed12131794796ea7f13ca.csv
379,salamatou-the-exchange student,salamatou the exchange student,"Salamatou, An Ivorian exchange student who's in love with Amala.",Female,"Accessory: beret, Hair: Black, Eyes: Squinted",0e216fd1-d96a-4e3c-a59b-c807f772c5b3,salamatou-the-exchange student.d7e28ba00a8b34f26688d44fdf308355e108dc4dbb3bc64281554ab1e66c8ae6.csv
380,nguyen-the-foreigner,nguyen the foreigner,"Meet Nguyen, the Asian Aunt that's addicted to Waakaye.",Female,"Eyes: Squinted, Skin: White, Hair: dark brown",0381301b-b5a3-42c1-9f73-2c43c0b8493f,nguyen-the-foreigner.476fe63383596e9b66173f9db045b326056bd15ec5ffdfbd312509e66354ace7.csv
381,Olofi,Olofi,Olofi is the Yoruba creator god and messenger.,Male,Eyes: Sky Blue. Accessories: FaceMask. Strength: Creation God. Weakness: Love,26340cc4-e334-494e-a737-f2b4bb9bb22e,Olofi.ade22a22ca31973396556cdb32cd8e8dce19abcd42dddbeae079f4d48a02d841.csv
382,Amadioha,Amadioha,Amadioha is the Igbo high god of thunder.,Male,Eyes:Shut. Hair: Bald. Accessories: FaceMask. Strength: Thunder Bolt.  Weakness:  PalmOil,a0586a93-7aff-43cc-8282-d081b8d6fe90,Amadioha.31a7dca84365a9ee79817eaa5ebbc423b5a432d3f44f57c07f97f40f9cfa94f2.csv
383,Sango,Sango,Sango is the yoruba diety of thunder.,Male,Hair:Shiny Bald. Clothing: AsoOke. Expression: Cunning. Strength: Thunder Clap. Weakness: Mice,15e1775c-74fe-4a0b-b79c-49f6b730fa89,Sango.a5bbfdafe2a7ef41f9334ebcfc17c71d68accfe14db6d989842ccd5825f72072.csv
384,Agwu,Agwu,Agwu is the Igbo deity of health and divination.,Male,Eyes: Aquamarine. Hair: Shiny Bald. Expression: Childlike. Strength: Healing. Weakness: Fire,311a6713-66c9-43ce-82d8-e3ce03a87a81,Agwu.489807cdd3b4b5c6535f8467f8a72f82f3089de632005d5adc33af177f7dee64.csv
385,Tano,Tano,Tano is the master of the Ghana river Tano.,Male,Eyes: Squinted.  Clothing: Yellow Danshiki with patterns. ,9c34a73f-33ee-4577-aba8-0982c1656ba7,Tano.ff9c97c46aaadc82d8973ecab8b25323e92fc92c1f907357275ac4ca0d5e423b.csv
386,Anansi,Anansi,Anansi is a trickster god of stories of the Ghana people.,Male,Eyes: Sleepy. Accessories: FaceMask.  Clothing: Black Danshiki with patterns. Strength: Illusions. Weakness: Mirrors,784f0f6b-4273-4a31-88d7-2455b96c9011,Anansi.91507193c1dde99e7ef4d7afcc353910adda6be1ee20bbb8086e78a20df6e6a6.csv
387,Nyame,Nyame,Nyame is the omnipotent god of the Ghana region.,Male,"Eyes:Black, Hair:Bald, Expression: Serious. Accessories: Facemask. Clothing: Yellow Patterned Danshiki with black lining. Strength: HeatBlast. Weakness: Cattles. ",f3af0bbd-0724-4696-89ff-ed67f63e6b4f,Nyame.139ec8243197c71864ff5c961672e842f1a29951f218febfc52e7bf89ef3612c.csv
388,Obatala,Obatala,Obatala is the lord of all gods in the Yoruba land.,Male,Eyes: Pitch Black. Expression: Mysterious. Clothing: Yellowish Blue Native. Strength: Oro Ase. Weakness: None. Nicknamem: SkyDaddy,c447c120-830e-4543-9cb3-5917ba36bce8,Obatala.85895068181576f63e5f70444e5a1c07b2500c3d4d94ccdc1fdc6a098c2d146e.csv
389,Erinle,Erinle,"Erinle is a powerful hunter of the Yoruba land.,",Male,,dacbbb38-087d-4248-8085-13b619da0ef9,Erinle.0d6bb44c700dfff11cf32808940d10672e5b308c9050b83673c478996efb5975.csv
390,Ogun,Ogun,Ogun is the Yoruba God of iron and metal work.,Male,,94c607b3-791e-40df-bd93-50926f094143,Ogun.950fa0ae838b2cfc82bc07963eb2ccdfca23a9196ea810f242439b53a493e37b.csv
391,Abosom,Abosom,Abosom is the goddess of wisdom and knowledge of the Ghana people.,Female,,b3427836-627b-41e4-a2d0-c29473448343,Abosom.20c6a31a1e191ad40e9e85da20615f08b2c31975e3a559abf2b0aa3ae49fbce3.csv
392,Oya,Oya,Oya is the goddess of violent storms and winds of the Yoruba people.,Female,,22aaebe4-4659-44de-ab3d-c4dae11fe9f5,Oya.f8973a1b592c915cfd5d988d97da9f35feee222f29c4cb232ed535255b151296.csv
393,Agbala,Agbala,Agbala is the stylish goddess of the future for the Igbo region.,Female,,ca720bf9-5e47-4421-b38f-bc62162ae99e,Agbala.5a1c2c7ce138e343e885f46a7591a1d085b49dd8e57a0a5e3d7a027ef64f86cf.csv
394,Njoku-ji,Njoku-ji,Njoku-ji is the goddess of new yam of the Igbo people.,Female,,3b795bad-91b4-4d0e-8ed8-bccbb226fc55,Njoku-ji.b5a093bf13f9351727125608a12a63ebf34db05254c7cffcfa35d07adf8e4f28.csv
395,Akonadi,Akonadi,Akonadi is the goddess of justice and prophesies of the Ghana people.,Female,,2aebd094-3be5-4773-a7a0-361f6332a7d4,Akonadi.0d41639a93611580c246eb3c2a7ffd668c02c38a7cb22c3f2d6930a44ed97f48.csv
396,Onyame,Onyame,Onyame is the goddess of the moon of the ghana region,Female,,fb148f97-d309-45a4-b902-4e066ca13f96,Onyame.4740d09ef494972df508bc83604222bee8ef75a937174f0061da3bb1b26892f6.csv
397,Ibeji,Ibeji,Ibeji is the goddess of balance and twin of the Yoruba people.,Female,,7b210c03-5446-462d-980e-c73dbbc1e386,Ibeji.1d6cbf727da984917edaab7f928441cb693261616d5ced09c7c7c24cb7786008.csv
398,Asase-ya,Asase-ya,Asase-ya is the goddess of fertility and love of the Ghanaian people,Female,,80b51092-3fbc-4d0c-8518-fc461ccb6c80,Asase-ya.6d667f9eaa6d4278d04c363aa74260f89863548e072a680b69fd03f6ceaed858.csv
399,Yemoja,Yemoja,Yemoja is the stylish yoruba goddess of the rivers.,Female,,1693b44d-96cf-4c2d-89be-9f4219c28447,Yemoja.ffb64c383ffe268580fb4c7e3b335b16f6aff56460500e9cb7674456f9177dbb.csv
400,Yemaya,Yemaya,Yemaya is the Ghana goddess of rivers and waters.,Female,,9609d0f4-d9d3-4cff-aa06-a9c459fefa39,Yemaya.381ef2f65a9052d0d2f9c165d4fb8b4b1fb0f0336d5865ef51299a8db56303c6.csv
401,smirky-becky,smirky becky,Becky ends every statement she makes with a smirk.,female,"Eyes: Brown, Accessories: Ankara beret",87bcc41f-eb3e-4ba2-9645-223c949a9b50,smirky-becky.05f36bdb7df76b47c8c375eb60337249ef8f25894a67e5318be1b308c519a4e2.csv
402,ankara-scarlett,ankara scarlett,Scarlett is a tailor at yaba market and she loves what she does.,female,"Hair: Orange bun, Skin Colour: Caramel",66d0149f-5f2a-4ded-8e6b-9bd7d7631c39,ankara-scarlett.13a917e92c7ab630a5c562a162ad67f48348cc8424da7592a60492701119a70c.csv
403,sea-rastafaria,sea rastafaria,Ronke is the ghetto goddess that nobody wants to mess with. Stay clear!,female,"Hair: Purple dreadlocks, Skin Colour: Caramel",d1556c97-9075-49fc-8bde-1826bfc2dbe1,sea-rastafaria.909514a302dcf340b05d62df751bf8d20cbe6a8beb1c1b64161e3b5a759341d7.csv
404,pretty-betty,pretty betty,Betty is always proud of her beauty.,female,"Hair: Orange bob, Skin Colour: Caramel",6a4f5b7c-914d-42c5-8e5f-d1c34ca48886,pretty-betty.0a608a71c3085420b7bb9401771997cb335c83cc53a7fb678ded86cb88046f52.csv
405,lola-medusa,lola medusa,Lola knows how to seduce every guys she is into.,female,"Hair: Long red braids, Skin Colour: Caramel",32ec57f7-8272-4671-ad2d-db3dff99fe9f,lola-medusa.bc6f37a44795ee4f6bcf39e88facf71dfb44a0896911b869e7dd57f695499204.csv
406,bukola-nosend,bukola nosend,Bukola is friends with many but always get moody.,female,"Hair: Brunette bob, Skin Colour: Dark brown",59d19b13-09e2-412e-a669-df020e03ae10,bukola-nosend.140ffab6be0f965f02f651ee4acfdc4afafef5ded571c44bea3eb0205a6427db.csv
407,burna-morgan,burna morgan,Morgan paints the town red with her red hair.,female,"Hair: Two brunette buns, Skin colour: Dark brown, Accessories: Tobacco pipe",d08af477-de20-4780-8449-46b87840b9fa,burna-morgan.3599e54f80de1084b814046976ca76d63edfe5dbadb1ab3948f39394bd9b71fe.csv
408,afro-star,afro star,Bimbo is an afro star with great affluence.,female,"Hair: Orange afro, Skin Colour: Caramel",40743b16-ae12-4b4a-989c-e5fbf1e2e0ca,afro-star.0a12a115371c9148461a8e6e492b67cc59ee40253e109944eb86e8a659d885a6.csv
409,fiesty-sandra,fiesty sandra,"Sandra is a social animal, correct owambe ambassador.",female,"Hair: Brown bun, Accessories: Purple bubblegum",d875aa6c-3e4a-4450-b09c-e9f1cdcc3947,fiesty-sandra.91122b20ec8f214262bb332d9f8180abffb488a75cb2b38901cac7abde14ef0f.csv
410,sister-nkechi-sabi,sister nkechi sabi,"Nkechi is the true definition of amebo, always in peoples business.",female,"Hair: Black low cut, Skin Colour: Brown",a728a380-1d33-4080-841d-80b041474d8f,sister-nkechi-sabi.a804cc16909e2f024798a8de48cda261cf5820914a55365d91e11bad9663fb47.csv
411,unfriendly-gina,unfriendly gina,"Gina is an angry one, she has no friends but she has a lot of money.",female,"Hair: Orange bun, Skin Colour: Caramel, Expression: Stoic",dd30a327-8a74-40a5-8207-19a790508ccc,unfriendly-gina.8a64e894571fe0439bf4b5ece4803b24739bd9119cb80359d3e947d365127b1b.csv
412,dada-ganster,dada ganster,"Dada respects no one, always finds pleasure terrorising others.",female,"Hair: Purple dreadlocks, Skin Colour: Brown, Expression: Annoyed",e1a43f65-aad2-4385-ac5e-bc159c6e0f2a,dada-ganster.849eb52452aebd449bdbc472f1ee3c8d706c2db9f128e7d7ca0b72dfa697d5d9.csv
413,idoncare-linda,idoncare linda,"Linda is a beautiful but very annoying girl, she turns every thing to a fight.",female,"Hair: Orange bob, Skin Colour: Caramel, Expression: Mischievous",ed04b47c-ae98-4db2-b71b-04d7bb976d45,idoncare-linda.7e19923bce8192737a0e6e74400f45aba0763f56b1368a030070a29af562b9fb.csv
414,doubting-vivian,doubting vivian,"Vivian just like the thomas in the bible, she doubts all.",female,"Hair: Long red braids, Skin Colour: Caramel, Expression: Pissed",a0282797-44ef-4bfb-a701-e4ed5e727d63,doubting-vivian.5860a05d15a0de5e335e07a48814a8bb97dfa25ed3b3fc9516b3d2ef54aed76b.csv
415,simbi-side-eyed,simbi side eyed,Simbi is reserved but doesn't allow anyone intimidate her.,female,"Hair: Two orange buns, Skin Colour: Brown",1f99104c-e98b-4c9a-9891-00a481e86008,simbi-side-eyed.97b87bc736d8d90138565f90ddeab1343c67056337c86705e3e01b83bd9e57fd.csv
416,bambi-tekno,bambi tekno,Bambi is the dancer of the team.,female,"Hair: Brown low buns, Skin Colour: Blue,  Accessories: Yellow sunglasses",95ff5e2c-1ff2-4d58-890b-de0f39f9d8ce,bambi-tekno.988b81c44ec3860b8d0ad92a385c582e64016bc54ef773af2ff5b179305a09a3.csv
417,saka-portable,saka portable,Saka is forever convinced that his toothless smile is the icing on his cake.,male,"Skin Colour: Blue, Accessories: Purple cap and yellow sunglasses",bd98f74f-e42e-494e-8298-3183555ca666,saka-portable.d3c7cc5daefe9f2ef8421738eb7c9b071f59886f69bfce4e491b72758db3fc11.csv
418,king-of-boys,king of boys,Busayo finds her way in ruling the boys and that's why she's king of boys.,female,"Hair: Black buns, Skin color: White, Accessories: Cigarette pipe",a650e79c-f964-4eb1-aa89-f9c1dbdede76,king-of-boys.8ac4bdb8be259d0029359dcc157fc6c297419cb7454892031cc73db6bd38b14e.csv
419,funky-alte-pop,funky alte pop,"Funke is always the life of every party, strong gen z advocate.",female,"Hair:  Two red buns, Skin color: White, Acessories Yellow sun shades, Expression: Rugged",b6753a8b-6127-4e97-812b-99e465791ba3,funky-alte-pop.5eb2221619b7315990282920811910c6512d7a7d0a3099f069d99dc852139bd3.csv
420,madame-ngozi,madame ngozi,Ngozi make heads turn with her bright colours.,female,"Hair: Brown afro, Skin  color: White, Accessories: Yellow sunglasses, Expression: Pissed",7ecdbb1d-9a89-4136-b240-499051836979,madame-ngozi.295f1d38fe59b41b43abff7ef531b2394fb3de3ca391db23015792877639ceff.csv
